date,precipitation,raster_val
2021-02-14,18.112503106525065,1
2021-02-14,13.80629443332064,2
2021-02-14,14.760161051371545,3
2021-02-14,11.883058391211105,4
2021-02-14,8.14630772576201,5
2021-02-14,6.0157045737816865,6
2021-02-14,3.469683788399655,7
2021-02-14,0.7472194084900783,8
2021-02-14,7.582854260018596,9
2021-02-14,10.574005375004022,10
2021-02-14,10.718633752143868,11
2021-02-14,2.2953958216282433,12
2021-02-14,15.011718731470056,13
2021-02-14,9.547085599934348,14
2021-02-14,7.628424883089654,15
2021-02-14,11.048564514579326,16
2021-02-14,9.754014497004686,17
2021-02-14,15.098623004024297,18
2021-02-14,11.07484821281177,19
2021-02-14,12.832197907918728,20
2021-02-14,3.1639592821811915,21
2021-02-14,4.472143650054932,22
2021-02-14,17.378371927119773,23
2021-02-14,4.801057386845433,24
2021-02-14,13.324708566228187,25
2021-02-14,9.474872791909851,26
2021-02-14,12.413048683563407,27
2021-02-14,6.0329989447126655,28
2021-02-14,6.609580928955844,29
2021-02-14,2.2172795385448363,30
2021-02-14,10.285251128886266,31
2021-02-14,10.143136273259701,32
2021-02-14,17.592320997162727,33
2021-02-14,15.011815872530716,34
2021-02-14,7.263410975671796,35
2021-02-14,16.13878511103728,36
2021-02-14,22.81966641359383,37
2021-02-14,18.21452758206262,38
2021-02-14,10.873877849578857,39
2021-02-14,18.57066729423237,40
2021-02-14,9.159721902068211,41
2021-02-14,12.48529586849442,42
2021-02-14,9.015970131785599,43
2021-02-14,12.698314701327227,44
2021-02-14,9.22033396208133,45
2021-02-14,5.21969336788953,46
2021-02-14,6.693676947187563,47
2021-02-14,0.9109087989243548,48
2021-02-14,0.3492158588926876,49
2021-02-14,1.1992058950826665,50
2021-02-14,8.792957749403094,51
2021-02-14,7.825040019581878,52
2021-02-14,,53
2021-02-14,9.099647627180076,54
2021-02-14,9.030358175401735,55
2021-02-14,16.625074487815848,56
2021-02-14,16.125139102039718,57
2021-02-14,11.339029968269475,58
2021-02-14,9.677170777932192,59
2021-02-14,11.597737745749841,60
2021-02-15,13.857016789952786,1
2021-02-15,20.924254522364702,2
2021-02-15,21.799478881200567,3
2021-02-15,15.15316677976274,4
2021-02-15,8.21885371436519,5
2021-02-15,6.063701857973599,6
2021-02-15,9.520292601293447,7
2021-02-15,8.760074067038907,8
2021-02-15,4.255125218165509,9
2021-02-15,16.28235421164297,10
2021-02-15,8.935551824380589,11
2021-02-15,0.4215761016907418,12
2021-02-15,11.907459083806474,13
2021-02-15,7.532075877117023,14
2021-02-15,0.8683189881781924,15
2021-02-15,0.1114334522095402,16
2021-02-15,0.6273350268357151,17
2021-02-15,1.1649181218788696,18
2021-02-15,22.577271393001478,19
2021-02-15,0.0,20
2021-02-15,4.249903062649343,21
2021-02-15,4.472143650054932,22
2021-02-15,18.141417760268364,23
2021-02-15,1.1488131024991357,24
2021-02-15,24.047229352478595,25
2021-02-15,20.359834799103787,26
2021-02-15,0.0,27
2021-02-15,4.6281616442725335,28
2021-02-15,10.398455574284847,29
2021-02-15,2.840914914070647,30
2021-02-15,12.637410440149699,31
2021-02-15,20.286272546519402,32
2021-02-15,25.233435571530443,33
2021-02-15,15.046385815825536,34
2021-02-15,5.857944321142485,35
2021-02-15,19.029212551057924,36
2021-02-15,0.0,37
2021-02-15,0.0,38
2021-02-15,1.830028699239095,39
2021-02-15,0.0,40
2021-02-15,19.920028042444457,41
2021-02-15,17.959026821550115,42
2021-02-15,18.031940263571197,43
2021-02-15,1.6598699148611797,44
2021-02-15,4.321670777069158,45
2021-02-15,1.2940169710359573,46
2021-02-15,3.4531028216329367,47
2021-02-15,2.372083089142239,48
2021-02-15,2.4269590242427985,49
2021-02-15,0.016999846801248764,50
2021-02-15,2.917875665124358,51
2021-02-15,0.363511353247127,52
2021-02-15,,53
2021-02-15,5.854621697833675,54
2021-02-15,7.876673674401862,55
2021-02-15,14.509534662635765,56
2021-02-15,10.937671030927824,57
2021-02-15,24.055193073381258,58
2021-02-15,20.355823516845703,59
2021-02-15,17.95846348957146,60
2021-02-16,2.898632636158513,1
2021-02-16,6.319878639193374,2
2021-02-16,13.46616121135734,3
2021-02-16,5.957849187045071,4
2021-02-16,1.0129443443517536,5
2021-02-16,2.2055155111470097,6
2021-02-16,0.3232039910363734,7
2021-02-16,0.0,8
2021-02-16,10.962262752363149,9
2021-02-16,2.77199598737096,10
2021-02-16,1.492938160558598,11
2021-02-16,0.0,12
2021-02-16,8.401523938830891,13
2021-02-16,0.0,14
2021-02-16,0.0,15
2021-02-16,0.0,16
2021-02-16,0.0,17
2021-02-16,0.0,18
2021-02-16,2.0221420825727834,19
2021-02-16,0.10025109563555036,20
2021-02-16,0.0,21
2021-02-16,0.0,22
2021-02-16,15.351493019377616,23
2021-02-16,0.0,24
2021-02-16,9.65341033445586,25
2021-02-16,0.014083670676219968,26
2021-02-16,0.0,27
2021-02-16,0.0,28
2021-02-16,0.0,29
2021-02-16,2.616532002288351,30
2021-02-16,15.379172335024453,31
2021-02-16,0.0,32
2021-02-16,5.301447221788309,33
2021-02-16,1.320207786137143,34
2021-02-16,1.6014594427526816,35
2021-02-16,2.7739727454064993,36
2021-02-16,0.0,37
2021-02-16,0.0,38
2021-02-16,3.1178336016337074,39
2021-02-16,0.0,40
2021-02-16,3.8628598745277434,41
2021-02-16,6.9222476890288185,42
2021-02-16,0.0,43
2021-02-16,0.0,44
2021-02-16,0.0,45
2021-02-16,0.0,46
2021-02-16,0.0,47
2021-02-16,0.0,48
2021-02-16,0.0,49
2021-02-16,0.0,50
2021-02-16,0.0,51
2021-02-16,0.0,52
2021-02-16,,53
2021-02-16,11.869649562489128,54
2021-02-16,6.281472458780753,55
2021-02-16,0.0,56
2021-02-16,0.0,57
2021-02-16,13.845656402711949,58
2021-02-16,0.0,59
2021-02-16,0.0,60
2021-02-17,14.767283957435671,1
2021-02-17,6.338405704593121,2
2021-02-17,11.31857129263832,3
2021-02-17,3.0543234788969262,4
2021-02-17,7.123314039921519,5
2021-02-17,22.632125302454906,6
2021-02-17,6.059145379274997,7
2021-02-17,0.5680214600612102,8
2021-02-17,20.38408149240127,9
2021-02-17,0.10373997471752937,10
2021-02-17,6.10256461989103,11
2021-02-17,0.5182816521824914,12
2021-02-17,0.3479864159253737,13
2021-02-17,0.0,14
2021-02-17,0.0,15
2021-02-17,9.929426493546254,16
2021-02-17,0.03749380776075236,17
2021-02-17,17.594092338251745,18
2021-02-17,19.978956554720064,19
2021-02-17,2.411419019936034,20
2021-02-17,0.0,21
2021-02-17,8.824341365269254,22
2021-02-17,15.37076563353932,23
2021-02-17,0.11504838168127919,24
2021-02-17,14.430381043810364,25
2021-02-17,13.166752625603902,26
2021-02-17,12.662454052008188,27
2021-02-17,0.9464163762914802,28
2021-02-17,4.049306475337426,29
2021-02-17,16.021372671982913,30
2021-02-17,16.452775121662373,31
2021-02-17,0.0,32
2021-02-17,0.0,33
2021-02-17,0.0,34
2021-02-17,10.309522152763522,35
2021-02-17,0.0,36
2021-02-17,13.260479999174468,37
2021-02-17,4.393808062341479,38
2021-02-17,3.1178336016337074,39
2021-02-17,7.885262021978677,40
2021-02-17,0.0,41
2021-02-17,11.400753393517917,42
2021-02-17,7.607891161417224,43
2021-02-17,0.8746863607227582,44
2021-02-17,0.0,45
2021-02-17,1.2726229468907027,46
2021-02-17,0.0,47
2021-02-17,0.0,48
2021-02-17,0.0,49
2021-02-17,0.0,50
2021-02-17,0.1733295803164111,51
2021-02-17,0.0,52
2021-02-17,,53
2021-02-17,6.638100199232157,54
2021-02-17,13.145653656510909,55
2021-02-17,0.4663201817627965,56
2021-02-17,0.0,57
2021-02-17,0.0,58
2021-02-17,0.0,59
2021-02-17,0.0,60
2021-02-18,28.297650446301116,1
2021-02-18,27.19829610692455,2
2021-02-18,19.43419349601455,3
2021-02-18,22.88322251844705,4
2021-02-18,4.420037588072958,5
2021-02-18,1.5688180356042785,6
2021-02-18,0.0,7
2021-02-18,0.0,8
2021-02-18,0.0,9
2021-02-18,0.4163869779534822,10
2021-02-18,0.0,11
2021-02-18,0.0,12
2021-02-18,1.4241110922188909,13
2021-02-18,6.684925846725509,14
2021-02-18,0.0,15
2021-02-18,0.0,16
2021-02-18,0.0,17
2021-02-18,0.0,18
2021-02-18,20.570993893258525,19
2021-02-18,0.0,20
2021-02-18,0.0,21
2021-02-18,35.80747168404716,22
2021-02-18,15.37076563353932,23
2021-02-18,0.0,24
2021-02-18,18.773674774169923,25
2021-02-18,23.572334950817933,26
2021-02-18,0.0,27
2021-02-18,0.0,28
2021-02-18,0.0,29
2021-02-18,34.23084907197848,30
2021-02-18,13.048069220445898,31
2021-02-18,0.0,32
2021-02-18,15.988051678501277,33
2021-02-18,0.0,34
2021-02-18,0.0,35
2021-02-18,22.1950517541788,36
2021-02-18,0.0,37
2021-02-18,0.0,38
2021-02-18,0.0,39
2021-02-18,0.0,40
2021-02-18,9.342568821000128,41
2021-02-18,15.300198911184284,42
2021-02-18,12.63347568708597,43
2021-02-18,0.0,44
2021-02-18,0.0,45
2021-02-18,0.0,46
2021-02-18,2.711111805738152,47
2021-02-18,0.1397569334625278,48
2021-02-18,0.0,49
2021-02-18,0.0,50
2021-02-18,0.0,51
2021-02-18,0.0,52
2021-02-18,,53
2021-02-18,0.8476408952865254,54
2021-02-18,3.0517910348091055,55
2021-02-18,3.1147645108933073,56
2021-02-18,0.0,57
2021-02-18,0.0,58
2021-02-18,6.856920437935072,59
2021-02-18,20.40044114445772,60
2021-02-19,8.985573534157586,1
2021-02-19,7.6096680710400255,2
2021-02-19,17.8737279874729,3
2021-02-19,5.541424073828408,4
2021-02-19,13.337426210355714,5
2021-02-19,2.757856610000774,6
2021-02-19,0.22493197118575647,7
2021-02-19,6.024677406491432,8
2021-02-19,1.6555690539470729,9
2021-02-19,7.299295775463989,10
2021-02-19,0.8579794151587122,11
2021-02-19,0.03273249009983847,12
2021-02-19,2.381837642634708,13
2021-02-19,0.0,14
2021-02-19,0.0,15
2021-02-19,0.0,16
2021-02-19,0.0,17
2021-02-19,0.0,18
2021-02-19,8.87996426524732,19
2021-02-19,0.0,20
2021-02-19,0.0,21
2021-02-19,0.0,22
2021-02-19,15.37076563353932,23
2021-02-19,1.653076305747098,24
2021-02-19,16.851705856673213,25
2021-02-19,23.911863746027475,26
2021-02-19,0.0,27
2021-02-19,2.192708195336929,28
2021-02-19,6.115753884291529,29
2021-02-19,0.0,30
2021-02-19,10.427249569418013,31
2021-02-19,55.3781448032545,32
2021-02-19,28.87841161092122,33
2021-02-19,52.51946380344569,34
2021-02-19,0.4335073485766372,35
2021-02-19,36.75619278131164,36
2021-02-19,0.0,37
2021-02-19,0.0,38
2021-02-19,0.0,39
2021-02-19,0.0,40
2021-02-19,38.25636532543298,41
2021-02-19,20.993516591083566,42
2021-02-19,28.386258784028676,43
2021-02-19,0.0,44
2021-02-19,0.0,45
2021-02-19,0.0,46
2021-02-19,0.0,47
2021-02-19,0.0,48
2021-02-19,0.0,49
2021-02-19,0.0,50
2021-02-19,0.0,51
2021-02-19,0.0,52
2021-02-19,,53
2021-02-19,0.15656912721340566,54
2021-02-19,9.137590481931866,55
2021-02-19,59.71440439872678,56
2021-02-19,44.562814187683514,57
2021-02-19,37.18874392276859,58
2021-02-19,45.48714148692595,59
2021-02-19,27.691499382952312,60
2021-02-20,24.085085337457354,1
2021-02-20,26.927117824396387,2
2021-02-20,17.692477695398598,3
2021-02-20,17.915117550551198,4
2021-02-20,3.534751348963924,5
2021-02-20,4.4876578696739715,6
2021-02-20,1.7035714953008267,7
2021-02-20,1.9950754624549352,8
2021-02-20,0.5698503418453927,9
2021-02-20,16.70105848333285,10
2021-02-20,15.611941299762673,11
2021-02-20,2.7044185648070553,12
2021-02-20,2.2056675757388757,13
2021-02-20,0.5118802344550732,14
2021-02-20,0.07675150973312779,15
2021-02-20,0.0,16
2021-02-20,0.0,17
2021-02-20,0.0,18
2021-02-20,36.91962299282919,19
2021-02-20,0.0,20
2021-02-20,0.4671288906933858,21
2021-02-20,13.49156515938895,22
2021-02-20,8.278389113062714,23
2021-02-20,4.39997131733755,24
2021-02-20,16.103664257854497,25
2021-02-20,20.924401351773824,26
2021-02-20,0.0,27
2021-02-20,0.0,28
2021-02-20,0.0,29
2021-02-20,0.16532333674524755,30
2021-02-20,7.7422157127318725,31
2021-02-20,0.0,32
2021-02-20,19.243615990978174,33
2021-02-20,0.0,34
2021-02-20,0.0,35
2021-02-20,2.084380590036519,36
2021-02-20,0.0,37
2021-02-20,0.0,38
2021-02-20,0.0,39
2021-02-20,0.0,40
2021-02-20,0.0,41
2021-02-20,11.647700707309214,42
2021-02-20,17.99707497272295,43
2021-02-20,0.0,44
2021-02-20,0.0,45
2021-02-20,0.0,46
2021-02-20,0.0,47
2021-02-20,0.0,48
2021-02-20,0.015312272742719683,49
2021-02-20,3.2166127108652667,50
2021-02-20,1.0475679821414512,51
2021-02-20,0.0,52
2021-02-20,,53
2021-02-20,5.06380013317972,54
2021-02-20,16.741345370521163,55
2021-02-20,2.0573967163440203,56
2021-02-20,0.0,57
2021-02-20,0.0,58
2021-02-20,0.0,59
2021-02-20,0.0,60
2021-02-21,0.37633321836314954,1
2021-02-21,1.5845988200601457,2
2021-02-21,2.510434787915244,3
2021-02-21,0.08510142947425056,4
2021-02-21,0.1796137046990735,5
2021-02-21,0.09594867152552451,6
2021-02-21,0.8413702051424076,7
2021-02-21,0.7499077499837127,8
2021-02-21,0.0,9
2021-02-21,0.0,10
2021-02-21,0.0,11
2021-02-21,0.042310660721920634,12
2021-02-21,1.277950971807888,13
2021-02-21,0.061359011561445326,14
2021-02-21,0.0,15
2021-02-21,0.0,16
2021-02-21,0.0,17
2021-02-21,0.0,18
2021-02-21,0.8167562379132981,19
2021-02-21,0.0,20
2021-02-21,0.0,21
2021-02-21,0.0,22
2021-02-21,12.15218626687286,23
2021-02-21,0.0,24
2021-02-21,9.128367814055277,25
2021-02-21,4.1595915266153165,26
2021-02-21,0.0,27
2021-02-21,0.0,28
2021-02-21,0.0,29
2021-02-21,0.0,30
2021-02-21,1.1671968523787348,31
2021-02-21,0.0,32
2021-02-21,3.786789705524337,33
2021-02-21,0.0,34
2021-02-21,0.0,35
2021-02-21,0.5795208004837864,36
2021-02-21,0.0,37
2021-02-21,0.0,38
2021-02-21,0.0,39
2021-02-21,0.0,40
2021-02-21,2.026106351352388,41
2021-02-21,0.0,42
2021-02-21,0.0,43
2021-02-21,0.0,44
2021-02-21,0.0,45
2021-02-21,0.0,46
2021-02-21,0.0,47
2021-02-21,1.629328410531703,48
2021-02-21,0.5551929684467497,49
2021-02-21,0.0,50
2021-02-21,0.0,51
2021-02-21,0.0,52
2021-02-21,,53
2021-02-21,0.0,54
2021-02-21,0.0,55
2021-02-21,0.0,56
2021-02-21,0.0,57
2021-02-21,0.0,58
2021-02-21,0.0,59
2021-02-21,2.397703449020215,60
2021-02-22,0.0,1
2021-02-22,0.0,2
2021-02-22,0.0,3
2021-02-22,0.0,4
2021-02-22,1.0433465561676734,5
2021-02-22,0.5621969855387151,6
2021-02-22,0.0,7
2021-02-22,0.0,8
2021-02-22,1.7600336829884444,9
2021-02-22,0.0,10
2021-02-22,0.0,11
2021-02-22,0.0,12
2021-02-22,0.0,13
2021-02-22,0.0,14
2021-02-22,0.0,15
2021-02-22,0.0,16
2021-02-22,0.0,17
2021-02-22,0.0,18
2021-02-22,0.0,19
2021-02-22,0.0,20
2021-02-22,0.0,21
2021-02-22,0.0,22
2021-02-22,0.13727860534260727,23
2021-02-22,0.0,24
2021-02-22,0.0062485434155945384,25
2021-02-22,0.0,26
2021-02-22,0.0,27
2021-02-22,0.0,28
2021-02-22,0.0,29
2021-02-22,0.0,30
2021-02-22,2.2495426269171714,31
2021-02-22,0.0,32
2021-02-22,0.0,33
2021-02-22,0.0,34
2021-02-22,0.0,35
2021-02-22,0.645579986562429,36
2021-02-22,0.0,37
2021-02-22,0.0,38
2021-02-22,0.0,39
2021-02-22,0.0,40
2021-02-22,0.20858713061784084,41
2021-02-22,0.0,42
2021-02-22,0.0,43
2021-02-22,0.0,44
2021-02-22,0.0,45
2021-02-22,0.0,46
2021-02-22,0.0,47
2021-02-22,0.0,48
2021-02-22,0.0,49
2021-02-22,0.0,50
2021-02-22,0.0,51
2021-02-22,0.0,52
2021-02-22,,53
2021-02-22,3.0427181651111086,54
2021-02-22,4.357398948406852,55
2021-02-22,0.1559454536754298,56
2021-02-22,0.0,57
2021-02-22,0.0,58
2021-02-22,0.0,59
2021-02-22,0.7497305375095833,60
2021-02-23,0.0,1
2021-02-23,0.0,2
2021-02-23,0.0,3
2021-02-23,0.0,4
2021-02-23,0.0,5
2021-02-23,0.0,6
2021-02-23,0.0,7
2021-02-23,0.0,8
2021-02-23,0.0,9
2021-02-23,0.0,10
2021-02-23,0.0,11
2021-02-23,0.0,12
2021-02-23,0.0,13
2021-02-23,0.0,14
2021-02-23,0.0,15
2021-02-23,0.0,16
2021-02-23,0.0,17
2021-02-23,0.0,18
2021-02-23,0.0,19
2021-02-23,0.0,20
2021-02-23,0.0,21
2021-02-23,0.0,22
2021-02-23,0.0,23
2021-02-23,0.0,24
2021-02-23,0.0,25
2021-02-23,0.0,26
2021-02-23,0.0,27
2021-02-23,0.0,28
2021-02-23,0.0,29
2021-02-23,0.0,30
2021-02-23,0.0,31
2021-02-23,0.0,32
2021-02-23,0.0,33
2021-02-23,0.0,34
2021-02-23,0.0,35
2021-02-23,0.0,36
2021-02-23,0.0,37
2021-02-23,0.0,38
2021-02-23,0.0,39
2021-02-23,0.0,40
2021-02-23,0.0,41
2021-02-23,0.0,42
2021-02-23,0.0,43
2021-02-23,0.0,44
2021-02-23,0.0,45
2021-02-23,0.0,46
2021-02-23,0.0,47
2021-02-23,0.0,48
2021-02-23,0.0,49
2021-02-23,0.0,50
2021-02-23,0.0,51
2021-02-23,0.0,52
2021-02-23,,53
2021-02-23,0.0,54
2021-02-23,0.0,55
2021-02-23,0.0,56
2021-02-23,0.0,57
2021-02-23,0.0,58
2021-02-23,0.0,59
2021-02-23,0.0,60
2021-02-24,0.0,1
2021-02-24,0.0,2
2021-02-24,0.0,3
2021-02-24,0.0,4
2021-02-24,0.0,5
2021-02-24,0.0,6
2021-02-24,0.0,7
2021-02-24,0.0,8
2021-02-24,0.0,9
2021-02-24,0.0,10
2021-02-24,0.0,11
2021-02-24,0.06437860996103625,12
2021-02-24,0.0,13
2021-02-24,0.0,14
2021-02-24,0.0,15
2021-02-24,10.216376111394888,16
2021-02-24,16.88903503789394,17
2021-02-24,10.459721245780603,18
2021-02-24,0.0,19
2021-02-24,17.541065632926752,20
2021-02-24,0.0,21
2021-02-24,0.0,22
2021-02-24,0.0,23
2021-02-24,0.0,24
2021-02-24,0.0,25
2021-02-24,0.0,26
2021-02-24,15.995754058650464,27
2021-02-24,0.0,28
2021-02-24,0.0,29
2021-02-24,0.0,30
2021-02-24,0.0,31
2021-02-24,0.0,32
2021-02-24,0.0,33
2021-02-24,0.0,34
2021-02-24,0.0,35
2021-02-24,0.0,36
2021-02-24,6.65134178983692,37
2021-02-24,25.518054551548435,38
2021-02-24,0.0,39
2021-02-24,25.57411738223862,40
2021-02-24,0.0,41
2021-02-24,0.0,42
2021-02-24,0.0,43
2021-02-24,27.479414637070196,44
2021-02-24,23.604815260588722,45
2021-02-24,12.757479228943174,46
2021-02-24,0.16752315202140083,47
2021-02-24,1.1212331869285892,48
2021-02-24,0.0,49
2021-02-24,0.0,50
2021-02-24,0.0,51
2021-02-24,0.0,52
2021-02-24,,53
2021-02-24,0.0,54
2021-02-24,0.0,55
2021-02-24,0.0,56
2021-02-24,0.0,57
2021-02-24,0.0,58
2021-02-24,0.0,59
2021-02-24,0.0,60
2021-02-25,0.0,1
2021-02-25,0.0,2
2021-02-25,0.0,3
2021-02-25,0.0,4
2021-02-25,0.03442470519896971,5
2021-02-25,1.9048940316750582,6
2021-02-25,10.360272319254305,7
2021-02-25,10.525991741164605,8
2021-02-25,2.016592771715125,9
2021-02-25,0.0,10
2021-02-25,0.0,11
2021-02-25,12.120310535951624,12
2021-02-25,1.0420072999500383,13
2021-02-25,0.0,14
2021-02-25,8.330691137129058,15
2021-02-25,29.542354985324337,16
2021-02-25,10.015895482019872,17
2021-02-25,39.94131549779516,18
2021-02-25,0.0,19
2021-02-25,8.734875818587238,20
2021-02-25,19.605814864073086,21
2021-02-25,0.0,22
2021-02-25,0.0,23
2021-02-25,15.893068076363601,24
2021-02-25,0.0,25
2021-02-25,0.0,26
2021-02-25,36.15421720644412,27
2021-02-25,15.102379677805965,28
2021-02-25,17.19980901689386,29
2021-02-25,0.0,30
2021-02-25,0.0,31
2021-02-25,0.0,32
2021-02-25,0.0,33
2021-02-25,0.0,34
2021-02-25,13.929227989013883,35
2021-02-25,0.0,36
2021-02-25,31.84054784288028,37
2021-02-25,27.202586530049647,38
2021-02-25,0.0,39
2021-02-25,13.653509225708405,40
2021-02-25,0.0,41
2021-02-25,0.0,42
2021-02-25,0.0,43
2021-02-25,22.638972472433565,44
2021-02-25,13.754222981709319,45
2021-02-25,6.01519292894331,46
2021-02-25,20.532996152290377,47
2021-02-25,21.700359239336418,48
2021-02-25,20.65787739708597,49
2021-02-25,16.14858736964044,50
2021-02-25,10.669126852164617,51
2021-02-25,7.199522668966838,52
2021-02-25,,53
2021-02-25,0.0,54
2021-02-25,0.0,55
2021-02-25,0.0,56
2021-02-25,0.0,57
2021-02-25,0.0,58
2021-02-25,0.0,59
2021-02-25,0.0,60
2021-02-26,9.011431293234082,1
2021-02-26,11.477495067989665,2
2021-02-26,8.10154031044903,3
2021-02-26,6.455775642366544,4
2021-02-26,6.309507427960957,5
2021-02-26,5.510478389070879,6
2021-02-26,6.894401687644313,7
2021-02-26,8.50986104470582,8
2021-02-26,4.224588616436351,9
2021-02-26,2.9863940674497753,10
2021-02-26,3.9110087403944918,11
2021-02-26,22.063885721374454,12
2021-02-26,3.857993896309718,13
2021-02-26,16.32519557428886,14
2021-02-26,38.028057075892576,15
2021-02-26,20.342614540308276,16
2021-02-26,7.8586961269640225,17
2021-02-26,18.317597589602183,18
2021-02-26,11.745204881373668,19
2021-02-26,4.704679353636984,20
2021-02-26,23.510528982675748,21
2021-02-26,6.061057840074811,22
2021-02-26,3.1188159380682907,23
2021-02-26,9.914834425190307,24
2021-02-26,4.475221813971842,25
2021-02-26,5.552997296952384,26
2021-02-26,18.279131679176597,27
2021-02-26,5.325162380176992,28
2021-02-26,7.032990015930865,29
2021-02-26,6.167220861697875,30
2021-02-26,4.054233806951755,31
2021-02-26,1.3681137043496836,32
2021-02-26,5.023067586166037,33
2021-02-26,1.7955296007862642,34
2021-02-26,7.540571047835153,35
2021-02-26,5.167845587775904,36
2021-02-26,5.278001428326497,37
2021-02-26,15.216556087070042,38
2021-02-26,4.00062907854716,39
2021-02-26,7.760805993347381,40
2021-02-26,3.565811109948224,41
2021-02-26,3.6103619878550597,42
2021-02-26,2.804982381997649,43
2021-02-26,21.52751134670779,44
2021-02-26,14.95234910710341,45
2021-02-26,20.173641710172863,46
2021-02-26,28.696892219804543,47
2021-02-26,31.12327193127359,48
2021-02-26,31.68204907588779,49
2021-02-26,25.600049325085564,50
2021-02-26,13.115712033425252,51
2021-02-26,7.212988319087195,52
2021-02-26,,53
2021-02-26,4.484652023126675,54
2021-02-26,2.7671557202036086,55
2021-02-26,3.107898360658839,56
2021-02-26,2.4965452831863555,57
2021-02-26,2.3982757102183214,58
2021-02-26,3.4486369067787104,59
2021-02-26,2.0824592298914624,60
2021-02-27,12.659038179340556,1
2021-02-27,8.109612763619477,2
2021-02-27,4.791413453796589,3
2021-02-27,4.0150529859884,4
2021-02-27,4.5156093777275625,5
2021-02-27,4.345427345332279,6
2021-02-27,5.24069503083521,7
2021-02-27,3.447131428944795,8
2021-02-27,3.1433515854973484,9
2021-02-27,1.7000991769468676,10
2021-02-27,1.2745457546006296,11
2021-02-27,8.231197806629304,12
2021-02-27,0.8814271129237173,13
2021-02-27,0.8926329465624374,14
2021-02-27,4.972341267924001,15
2021-02-27,0.10155363508382029,16
2021-02-27,0.8573965599951479,17
2021-02-27,0.0,18
2021-02-27,9.440843285810226,19
2021-02-27,8.350756947298228,20
2021-02-27,2.240794387766689,21
2021-02-27,0.6206778798784528,22
2021-02-27,5.582569083737969,23
2021-02-27,2.8142436598127087,24
2021-02-27,6.342482204349764,25
2021-02-27,9.38431415180562,26
2021-02-27,0.0,27
2021-02-27,0.8027927907231064,28
2021-02-27,0.7481736034604174,29
2021-02-27,1.412860615769935,30
2021-02-27,2.431786869454715,31
2021-02-27,4.442573174186375,32
2021-02-27,5.212074188189318,33
2021-02-27,4.4834751829075445,34
2021-02-27,1.2742448930871,35
2021-02-27,5.230210003439701,36
2021-02-27,0.0,37
2021-02-27,0.0,38
2021-02-27,2.979142213662466,39
2021-02-27,5.112605124946654,40
2021-02-27,9.627406333264931,41
2021-02-27,3.01136577129364,42
2021-02-27,4.447548050241372,43
2021-02-27,0.0,44
2021-02-27,0.0,45
2021-02-27,0.642832160459615,46
2021-02-27,3.718487337968196,47
2021-02-27,4.428191154505216,48
2021-02-27,3.771269907785891,49
2021-02-27,3.3750158139722766,50
2021-02-27,2.9811799136687163,51
2021-02-27,0.4076860642488485,52
2021-02-27,,53
2021-02-27,1.9362247270628041,54
2021-02-27,1.5753827748867102,55
2021-02-27,5.0283727574704296,56
2021-02-27,2.9845142708528765,57
2021-02-27,4.425091024336777,58
2021-02-27,4.85397015677558,59
2021-02-27,11.844619551774073,60
2021-02-28,0.0,1
2021-02-28,1.5471434904559385,2
2021-02-28,0.004505936602302488,3
2021-02-28,0.0706350732184268,4
2021-02-28,0.336357767507549,5
2021-02-28,0.6739452674824704,6
2021-02-28,0.3025112057566295,7
2021-02-28,0.47406229375420156,8
2021-02-28,0.18959557991149126,9
2021-02-28,0.007641033024165161,10
2021-02-28,0.2662211609291963,11
2021-02-28,0.0,12
2021-02-28,0.13115410443177114,13
2021-02-28,0.2657386109809335,14
2021-02-28,0.0,15
2021-02-28,0.8769381421681351,16
2021-02-28,15.346812967801576,17
2021-02-28,1.0281647582993891,18
2021-02-28,0.003754937728779428,19
2021-02-28,6.470432091943967,20
2021-02-28,0.0,21
2021-02-28,0.0,22
2021-02-28,0.33711997581781,23
2021-02-28,0.0,24
2021-02-28,0.23920690164653532,25
2021-02-28,1.431968562370908,26
2021-02-28,1.2677838000718342,27
2021-02-28,0.0,28
2021-02-28,0.0,29
2021-02-28,0.0,30
2021-02-28,0.09084001288501997,31
2021-02-28,0.0,32
2021-02-28,0.5930700968887845,33
2021-02-28,0.18344698882684474,34
2021-02-28,0.0,35
2021-02-28,1.0950704952870034,36
2021-02-28,7.092408371332237,37
2021-02-28,2.6496949476665925,38
2021-02-28,0.0,39
2021-02-28,4.7401320440673125,40
2021-02-28,1.308112067589886,41
2021-02-28,0.368009095737733,42
2021-02-28,0.14412717229312227,43
2021-02-28,1.6248954199645853,44
2021-02-28,0.20663909012747192,45
2021-02-28,0.025022659730313753,46
2021-02-28,0.0,47
2021-02-28,0.0,48
2021-02-28,0.0,49
2021-02-28,0.0,50
2021-02-28,0.0,51
2021-02-28,0.0,52
2021-02-28,,53
2021-02-28,0.0,54
2021-02-28,0.21763497091694467,55
2021-02-28,0.31027717307630065,56
2021-02-28,0.48796896566480596,57
2021-02-28,0.2732416981058877,58
2021-02-28,0.0,59
2021-02-28,1.525920094868049,60
2021-03-01,0.0,1
2021-03-01,0.0,2
2021-03-01,0.0,3
2021-03-01,0.0,4
2021-03-01,0.0,5
2021-03-01,0.7977281449088913,6
2021-03-01,0.0,7
2021-03-01,0.0,8
2021-03-01,0.0034039729350322004,9
2021-03-01,1.8892904341948875,10
2021-03-01,0.0,11
2021-03-01,0.0,12
2021-03-01,2.486215630010952,13
2021-03-01,2.4234964059235105,14
2021-03-01,0.0,15
2021-03-01,0.0,16
2021-03-01,7.707493956247266,17
2021-03-01,0.0,18
2021-03-01,0.0,19
2021-03-01,5.869545732225689,20
2021-03-01,0.0,21
2021-03-01,0.0,22
2021-03-01,0.0,23
2021-03-01,0.023328848984513702,24
2021-03-01,0.0,25
2021-03-01,0.17340482863704718,26
2021-03-01,0.0,27
2021-03-01,0.0,28
2021-03-01,0.0,29
2021-03-01,0.0,30
2021-03-01,0.5645550253261459,31
2021-03-01,0.0,32
2021-03-01,0.19395316387973932,33
2021-03-01,0.0,34
2021-03-01,0.0,35
2021-03-01,0.023016308926626112,36
2021-03-01,0.0,37
2021-03-01,0.0,38
2021-03-01,0.0,39
2021-03-01,0.8989117212900689,40
2021-03-01,0.7812895423906883,41
2021-03-01,0.0,42
2021-03-01,0.0,43
2021-03-01,3.6864315276629083,44
2021-03-01,0.0,45
2021-03-01,0.0,46
2021-03-01,0.0,47
2021-03-01,0.0,48
2021-03-01,0.0,49
2021-03-01,0.0,50
2021-03-01,2.0250664864458456,51
2021-03-01,0.0,52
2021-03-01,,53
2021-03-01,0.1878403407424243,54
2021-03-01,1.3615166184911967,55
2021-03-01,0.0,56
2021-03-01,0.0,57
2021-03-01,0.5856256540713273,58
2021-03-01,1.6434751616583931,59
2021-03-01,0.6808530603381097,60
2021-03-02,0.0,1
2021-03-02,0.0,2
2021-03-02,0.0,3
2021-03-02,0.0,4
2021-03-02,0.4574782863825532,5
2021-03-02,0.0,6
2021-03-02,0.0,7
2021-03-02,0.0,8
2021-03-02,0.0,9
2021-03-02,0.0,10
2021-03-02,0.0,11
2021-03-02,0.08364802978639056,12
2021-03-02,0.0,13
2021-03-02,0.0,14
2021-03-02,0.0,15
2021-03-02,0.0,16
2021-03-02,0.0,17
2021-03-02,0.0,18
2021-03-02,0.0,19
2021-03-02,4.943804920089911,20
2021-03-02,0.0,21
2021-03-02,0.0,22
2021-03-02,0.0,23
2021-03-02,0.0,24
2021-03-02,0.0,25
2021-03-02,0.0,26
2021-03-02,0.0,27
2021-03-02,0.0,28
2021-03-02,0.0,29
2021-03-02,0.0,30
2021-03-02,0.0,31
2021-03-02,0.0,32
2021-03-02,0.0,33
2021-03-02,0.0,34
2021-03-02,0.0,35
2021-03-02,0.0,36
2021-03-02,0.0,37
2021-03-02,1.9166631205876667,38
2021-03-02,0.0,39
2021-03-02,7.108349132670358,40
2021-03-02,0.0,41
2021-03-02,0.0,42
2021-03-02,0.0,43
2021-03-02,0.19363287043789615,44
2021-03-02,0.0,45
2021-03-02,0.0,46
2021-03-02,0.0,47
2021-03-02,0.0,48
2021-03-02,0.0,49
2021-03-02,0.0,50
2021-03-02,0.0,51
2021-03-02,0.0,52
2021-03-02,,53
2021-03-02,0.0,54
2021-03-02,0.0,55
2021-03-02,0.0,56
2021-03-02,0.0,57
2021-03-02,0.0,58
2021-03-02,0.0,59
2021-03-02,0.0,60
2021-03-03,0.0,1
2021-03-03,0.0,2
2021-03-03,0.0,3
2021-03-03,0.0,4
2021-03-03,0.0,5
2021-03-03,0.0,6
2021-03-03,0.0,7
2021-03-03,0.0,8
2021-03-03,0.0,9
2021-03-03,0.0,10
2021-03-03,0.0,11
2021-03-03,0.0,12
2021-03-03,0.0,13
2021-03-03,0.0,14
2021-03-03,0.0,15
2021-03-03,3.1025060109332605,16
2021-03-03,0.0,17
2021-03-03,0.0,18
2021-03-03,0.0,19
2021-03-03,0.01730428349157298,20
2021-03-03,0.0,21
2021-03-03,0.0,22
2021-03-03,0.0,23
2021-03-03,0.0,24
2021-03-03,0.0,25
2021-03-03,0.0,26
2021-03-03,2.0247081318342617,27
2021-03-03,0.0,28
2021-03-03,0.0,29
2021-03-03,0.0,30
2021-03-03,0.0,31
2021-03-03,0.0,32
2021-03-03,0.0,33
2021-03-03,0.0,34
2021-03-03,0.0,35
2021-03-03,0.0,36
2021-03-03,0.0,37
2021-03-03,0.8737143410576717,38
2021-03-03,0.0,39
2021-03-03,0.0,40
2021-03-03,0.0,41
2021-03-03,0.0,42
2021-03-03,0.0,43
2021-03-03,4.185615271642951,44
2021-03-03,9.667805524231538,45
2021-03-03,0.7019479731807411,46
2021-03-03,0.0,47
2021-03-03,0.0,48
2021-03-03,0.0,49
2021-03-03,0.0,50
2021-03-03,0.0,51
2021-03-03,0.0,52
2021-03-03,,53
2021-03-03,0.0,54
2021-03-03,0.0,55
2021-03-03,0.0,56
2021-03-03,0.0,57
2021-03-03,0.0,58
2021-03-03,0.0,59
2021-03-03,0.0,60
2021-03-04,0.0,1
2021-03-04,0.0,2
2021-03-04,0.0,3
2021-03-04,0.0,4
2021-03-04,0.0,5
2021-03-04,0.0,6
2021-03-04,0.0,7
2021-03-04,0.0345980507903214,8
2021-03-04,0.0,9
2021-03-04,0.0,10
2021-03-04,0.0,11
2021-03-04,3.069697019521099,12
2021-03-04,0.0,13
2021-03-04,0.0,14
2021-03-04,1.4656419846423059,15
2021-03-04,12.151900044408873,16
2021-03-04,15.907088934688598,17
2021-03-04,25.207253232365236,18
2021-03-04,0.0,19
2021-03-04,26.515487457654487,20
2021-03-04,3.325060714518905,21
2021-03-04,0.0,22
2021-03-04,0.0,23
2021-03-04,1.3147932584944577,24
2021-03-04,0.0,25
2021-03-04,0.0,26
2021-03-04,19.97808081060935,27
2021-03-04,0.0,28
2021-03-04,0.0,29
2021-03-04,0.0,30
2021-03-04,0.0,31
2021-03-04,0.0,32
2021-03-04,0.0,33
2021-03-04,0.0,34
2021-03-04,0.0,35
2021-03-04,0.0,36
2021-03-04,34.47123223937527,37
2021-03-04,26.560465716256036,38
2021-03-04,0.0,39
2021-03-04,29.352199492602505,40
2021-03-04,0.0,41
2021-03-04,0.0,42
2021-03-04,0.0,43
2021-03-04,18.005283896537687,44
2021-03-04,17.6187057419197,45
2021-03-04,9.180867366551773,46
2021-03-04,0.0603251692913331,47
2021-03-04,0.0,48
2021-03-04,0.9421474008530096,49
2021-03-04,2.229607787700968,50
2021-03-04,0.06440411657028164,51
2021-03-04,0.0,52
2021-03-04,,53
2021-03-04,0.0,54
2021-03-04,0.0,55
2021-03-04,0.0,56
2021-03-04,0.0,57
2021-03-04,0.0,58
2021-03-04,0.0,59
2021-03-04,0.0,60
2021-03-05,0.0,1
2021-03-05,0.0,2
2021-03-05,0.0,3
2021-03-05,0.2325956629937925,4
2021-03-05,9.861135453179106,5
2021-03-05,16.674114617139207,6
2021-03-05,18.916222005126773,7
2021-03-05,15.763028783840674,8
2021-03-05,17.31174492707124,9
2021-03-05,5.05879706377674,10
2021-03-05,15.955605110208081,11
2021-03-05,12.58645233765652,12
2021-03-05,6.28131175259757,13
2021-03-05,11.420268824821218,14
2021-03-05,13.93532013591841,15
2021-03-05,22.159181992212936,16
2021-03-05,18.876253416822035,17
2021-03-05,24.977214434845482,18
2021-03-05,0.0,19
2021-03-05,12.686396678782401,20
2021-03-05,2.2261944276549888,21
2021-03-05,2.2710287911551337,22
2021-03-05,0.0,23
2021-03-05,4.689958119747458,24
2021-03-05,0.0,25
2021-03-05,0.0,26
2021-03-05,19.41119119886718,27
2021-03-05,10.257652635585872,28
2021-03-05,9.28068173950042,29
2021-03-05,9.285465391772581,30
2021-03-05,4.057894184583205,31
2021-03-05,0.0,32
2021-03-05,0.0,33
2021-03-05,0.0,34
2021-03-05,10.059160593437822,35
2021-03-05,0.0,36
2021-03-05,8.87048842460762,37
2021-03-05,11.92794079144796,38
2021-03-05,10.8427028465271,39
2021-03-05,6.545256677851074,40
2021-03-05,0.0,41
2021-03-05,0.0,42
2021-03-05,0.0,43
2021-03-05,13.025685251870017,44
2021-03-05,18.454943067079956,45
2021-03-05,24.054773884514624,46
2021-03-05,3.9027127711945164,47
2021-03-05,9.16474157920089,48
2021-03-05,12.260507761717594,49
2021-03-05,9.570504923081579,50
2021-03-05,1.4170536687159314,51
2021-03-05,10.882148379792747,52
2021-03-05,,53
2021-03-05,13.945980378360737,54
2021-03-05,7.648303399884916,55
2021-03-05,0.0,56
2021-03-05,0.0,57
2021-03-05,0.0,58
2021-03-05,0.0,59
2021-03-05,0.0,60
2021-03-06,14.91218786461409,1
2021-03-06,11.441896608502491,2
2021-03-06,2.2736211201696723,3
2021-03-06,1.6151437881847892,4
2021-03-06,10.512612290098083,5
2021-03-06,7.8269820735446025,6
2021-03-06,12.248890916112558,7
2021-03-06,11.993183527383753,8
2021-03-06,6.582418353076203,9
2021-03-06,19.54831322599196,10
2021-03-06,12.46601268905193,11
2021-03-06,24.35355182200279,12
2021-03-06,16.99850016383357,13
2021-03-06,23.9056837399745,14
2021-03-06,8.948084464872599,15
2021-03-06,18.07239221867207,16
2021-03-06,15.62123115704861,17
2021-03-06,9.614512052724958,18
2021-03-06,5.688192592211219,19
2021-03-06,18.02245832896381,20
2021-03-06,0.10662394900654637,21
2021-03-06,0.0,22
2021-03-06,13.836098641132294,23
2021-03-06,18.933557505641797,24
2021-03-06,12.116320865876084,25
2021-03-06,6.838697521342765,26
2021-03-06,2.790694969008194,27
2021-03-06,11.113100475671072,28
2021-03-06,15.433173177230298,29
2021-03-06,7.427078096819654,30
2021-03-06,16.104819341569083,31
2021-03-06,23.608632626740828,32
2021-03-06,16.024540022941633,33
2021-03-06,23.161141710640855,34
2021-03-06,9.6248671020547,35
2021-03-06,19.151234868754432,36
2021-03-06,2.2753336839729985,37
2021-03-06,1.0724616463979086,38
2021-03-06,6.952375119527181,39
2021-03-06,8.126503304123272,40
2021-03-06,14.188036387689786,41
2021-03-06,23.449147382988983,42
2021-03-06,21.260957560588405,43
2021-03-06,1.573165995191615,44
2021-03-06,4.835174543902835,45
2021-03-06,9.947388413006339,46
2021-03-06,28.633571307468785,47
2021-03-06,31.65875043031356,48
2021-03-06,26.679813716539453,49
2021-03-06,18.61078922901679,50
2021-03-06,11.638116085491927,51
2021-03-06,7.982450502931104,52
2021-03-06,,53
2021-03-06,5.394017452082797,54
2021-03-06,15.279507140842318,55
2021-03-06,23.06229768661322,56
2021-03-06,20.57314515593868,57
2021-03-06,24.640081889261076,58
2021-03-06,23.412276015322433,59
2021-03-06,14.194355747487284,60
2021-03-07,17.239850537155725,1
2021-03-07,20.31573500837124,2
2021-03-07,19.22511274234336,3
2021-03-07,22.06137037974893,4
2021-03-07,10.609635438969157,5
2021-03-07,10.911472377554915,6
2021-03-07,5.144831726224361,7
2021-03-07,7.86354280290526,8
2021-03-07,4.995432580635545,9
2021-03-07,20.168146096685632,10
2021-03-07,13.34456663068676,11
2021-03-07,14.225712591813474,12
2021-03-07,13.634939039119358,13
2021-03-07,3.722785450751573,14
2021-03-07,39.74514872824936,15
2021-03-07,5.769315507999213,16
2021-03-07,7.623619816163313,17
2021-03-07,17.72907238235315,18
2021-03-07,24.82362937799236,19
2021-03-07,5.634474533685245,20
2021-03-07,12.159470008457221,21
2021-03-07,25.610889434814453,22
2021-03-07,14.152451065801598,23
2021-03-07,2.9265549583982127,24
2021-03-07,17.623014918686053,25
2021-03-07,24.177991350760756,26
2021-03-07,7.396659055426862,27
2021-03-07,0.0,28
2021-03-07,0.0,29
2021-03-07,13.367122495722198,30
2021-03-07,15.280118255330168,31
2021-03-07,23.608632626740828,32
2021-03-07,23.577737226324565,33
2021-03-07,25.037224002000762,34
2021-03-07,0.0,35
2021-03-07,29.79406727116523,36
2021-03-07,22.841746025590226,37
2021-03-07,18.3342639430364,38
2021-03-07,0.0,39
2021-03-07,11.245085042623966,40
2021-03-07,45.852329646329615,41
2021-03-07,16.010765227352277,42
2021-03-07,15.752008615080843,43
2021-03-07,12.592510727048932,44
2021-03-07,14.780260639400916,45
2021-03-07,18.932056721222093,46
2021-03-07,30.4486665435617,47
2021-03-07,34.16411570528333,48
2021-03-07,20.79993142479978,49
2021-03-07,20.977160826039576,50
2021-03-07,5.185151697006637,51
2021-03-07,0.0,52
2021-03-07,,53
2021-03-07,8.547208444705493,54
2021-03-07,17.007529696596944,55
2021-03-07,20.31663166191645,56
2021-03-07,31.944642182164547,57
2021-03-07,39.854649661033136,58
2021-03-07,53.08096831884139,59
2021-03-07,43.681677551172065,60
2021-03-08,0.0368001267533196,1
2021-03-08,4.154288592226346,2
2021-03-08,4.362197114391585,3
2021-03-08,1.7980820351694904,4
2021-03-08,0.0,5
2021-03-08,0.5302323512279005,6
2021-03-08,0.6012255665859745,7
2021-03-08,1.3986108761384304,8
2021-03-08,0.0,9
2021-03-08,3.9208644442225262,10
2021-03-08,0.0,11
2021-03-08,0.4962491817493652,12
2021-03-08,5.789717236948754,13
2021-03-08,1.4642809060415745,14
2021-03-08,0.8267214239999441,15
2021-03-08,17.69775854090674,16
2021-03-08,0.4266938415125577,17
2021-03-08,6.54628478150671,18
2021-03-08,1.6299731792219536,19
2021-03-08,0.2662055803381878,20
2021-03-08,0.0,21
2021-03-08,3.0343053000313893,22
2021-03-08,4.640470925920502,23
2021-03-08,0.040470659831447355,24
2021-03-08,5.808200805909043,25
2021-03-08,6.1560626427125715,26
2021-03-08,18.869133741639715,27
2021-03-08,3.834934537903718,28
2021-03-08,2.986989991748752,29
2021-03-08,8.333602195756441,30
2021-03-08,7.148994233016656,31
2021-03-08,7.869544381680696,32
2021-03-08,6.7510385324726,33
2021-03-08,7.720380963877406,34
2021-03-08,1.2046910238592592,35
2021-03-08,5.401003099705154,36
2021-03-08,0.0,37
2021-03-08,0.5829495501518249,38
2021-03-08,0.0,39
2021-03-08,2.605517344543259,40
2021-03-08,0.7906956591592942,41
2021-03-08,5.126405416052024,42
2021-03-08,1.5780368785268253,43
2021-03-08,5.405536613154114,44
2021-03-08,13.134801276534596,45
2021-03-08,2.413266388669098,46
2021-03-08,0.0,47
2021-03-08,1.0131714963509908,48
2021-03-08,2.862822380126087,49
2021-03-08,0.029252597150253794,50
2021-03-08,0.5856605794385964,51
2021-03-08,6.47049370166044,52
2021-03-08,,53
2021-03-08,0.31274904514736046,54
2021-03-08,6.520947696524329,55
2021-03-08,5.4218361191884,56
2021-03-08,2.6567096678202584,57
2021-03-08,5.1968004861013695,58
2021-03-08,3.3293046054677062,59
2021-03-08,3.184219863383544,60
2021-03-09,4.854044431524363,1
2021-03-09,2.391431354551786,2
2021-03-09,6.515170731646082,3
2021-03-09,8.734649202580878,4
2021-03-09,7.422567708204291,5
2021-03-09,4.920347316718017,6
2021-03-09,3.5179655397598664,7
2021-03-09,1.5081605412673422,8
2021-03-09,10.014390580794393,9
2021-03-09,6.002965553330284,10
2021-03-09,9.873836608513892,11
2021-03-09,1.0194629831188733,12
2021-03-09,8.858073619030632,13
2021-03-09,3.2924074499823677,14
2021-03-09,0.0,15
2021-03-09,0.0,16
2021-03-09,0.0,17
2021-03-09,0.0,18
2021-03-09,7.567946115916208,19
2021-03-09,2.278628875009762,20
2021-03-09,0.0,21
2021-03-09,3.0343053000313893,22
2021-03-09,7.9778113269726365,23
2021-03-09,0.30560676103393086,24
2021-03-09,5.993529188348613,25
2021-03-09,7.878506970492458,26
2021-03-09,0.023011246168544528,27
2021-03-09,0.06644328992629138,28
2021-03-09,0.0,29
2021-03-09,7.018234261276947,30
2021-03-09,2.2368175660180345,31
2021-03-09,0.0,32
2021-03-09,6.7510385324726,33
2021-03-09,1.4043449774021055,34
2021-03-09,4.855100450450427,35
2021-03-09,8.302347073670576,36
2021-03-09,0.0,37
2021-03-09,0.0,38
2021-03-09,8.667232977549235,39
2021-03-09,3.1084054661548044,40
2021-03-09,4.8057681102911065,41
2021-03-09,4.566376522937452,42
2021-03-09,5.508949181468218,43
2021-03-09,0.9429620350469619,44
2021-03-09,0.13895523482426062,45
2021-03-09,0.0,46
2021-03-09,2.222535505947505,47
2021-03-09,1.1202081668381307,48
2021-03-09,0.0,49
2021-03-09,0.0,50
2021-03-09,0.0,51
2021-03-09,0.9362349189351166,52
2021-03-09,,53
2021-03-09,10.958788748919998,54
2021-03-09,1.6884091158812684,55
2021-03-09,5.877303486835107,56
2021-03-09,7.986160545541137,57
2021-03-09,5.105046276154558,58
2021-03-09,0.0,59
2021-03-09,0.3690452929009115,60
2021-03-10,0.07776185014432338,1
2021-03-10,2.475858474354654,2
2021-03-10,7.219137885633634,3
2021-03-10,6.1629488275242625,4
2021-03-10,3.945853243059754,5
2021-03-10,9.209954579927588,6
2021-03-10,8.306111326301062,7
2021-03-10,3.0692037428723085,8
2021-03-10,7.94010762319277,9
2021-03-10,3.3875240201379597,10
2021-03-10,3.303593177633313,11
2021-03-10,1.9413027182869296,12
2021-03-10,4.182966385765729,13
2021-03-10,11.606501836357738,14
2021-03-10,1.4549330733057428,15
2021-03-10,6.085221968129675,16
2021-03-10,0.0,17
2021-03-10,0.0,18
2021-03-10,0.9909575638355025,19
2021-03-10,0.0,20
2021-03-10,29.622998345333873,21
2021-03-10,0.0,22
2021-03-10,5.280404251550415,23
2021-03-10,8.236578657425902,24
2021-03-10,2.6703746711660963,25
2021-03-10,3.7295510611268523,26
2021-03-10,0.0,27
2021-03-10,5.414802469394228,28
2021-03-10,5.382824341855457,29
2021-03-10,0.0,30
2021-03-10,3.696372799017416,31
2021-03-10,0.0,32
2021-03-10,3.324621620824781,33
2021-03-10,2.2983128057086546,34
2021-03-10,9.6248671020547,35
2021-03-10,5.978044748675153,36
2021-03-10,0.0,37
2021-03-10,0.0,38
2021-03-10,7.298115406036376,39
2021-03-10,0.0,40
2021-03-10,6.390868740526758,41
2021-03-10,3.316283521882023,42
2021-03-10,7.086986059995042,43
2021-03-10,0.0,44
2021-03-10,3.7485496678092476,45
2021-03-10,12.901569636637625,46
2021-03-10,7.070813049381678,47
2021-03-10,1.2834138593354767,48
2021-03-10,0.2322626113891602,49
2021-03-10,2.2048504306834578,50
2021-03-10,18.713201264210856,51
2021-03-10,6.3270285931651395,52
2021-03-10,,53
2021-03-10,5.284752186825334,54
2021-03-10,5.369891695342151,55
2021-03-10,6.369447194126312,56
2021-03-10,0.0,57
2021-03-10,0.2522287233089044,58
2021-03-10,3.3293046054677062,59
2021-03-10,8.113850663775112,60
2021-03-11,4.0022426187907225,1
2021-03-11,3.326302971079683,2
2021-03-11,0.041332096804181095,3
2021-03-11,3.9399932683065924,4
2021-03-11,2.775154941053276,5
2021-03-11,4.8817384343848,6
2021-03-11,1.8138898620800095,7
2021-03-11,2.4693439185811537,8
2021-03-11,4.046232324791258,9
2021-03-11,5.430883384594677,10
2021-03-11,4.774627163682601,11
2021-03-11,3.539244251810505,12
2021-03-11,5.857461147072687,13
2021-03-11,7.937914773208884,14
2021-03-11,2.597201657476,15
2021-03-11,1.9737710449899544,16
2021-03-11,4.640165369130069,17
2021-03-11,8.29948137848171,18
2021-03-11,4.646593909935664,19
2021-03-11,2.095802514819625,20
2021-03-11,2.9013720525063547,21
2021-03-11,0.0,22
2021-03-11,0.2094732321133904,23
2021-03-11,8.528349689140677,24
2021-03-11,0.558180658882911,25
2021-03-11,2.367068345816045,26
2021-03-11,7.8324745914150515,27
2021-03-11,2.7147589537079706,28
2021-03-11,0.0,29
2021-03-11,2.8578828356719908,30
2021-03-11,4.508143381281962,31
2021-03-11,12.86751817620319,32
2021-03-11,2.156720253033826,33
2021-03-11,6.431896099758783,34
2021-03-11,0.39736429469226164,35
2021-03-11,2.742103578750469,36
2021-03-11,1.2321356987908116,37
2021-03-11,1.2209473525153267,38
2021-03-11,0.0,39
2021-03-11,0.5879464748006222,40
2021-03-11,0.22825071961571453,41
2021-03-11,4.761289829805672,42
2021-03-11,6.072468919852346,43
2021-03-11,1.6668572708615934,44
2021-03-11,0.0,45
2021-03-11,2.9509603757087715,46
2021-03-11,1.0373121191793524,47
2021-03-11,1.1315898860215003,48
2021-03-11,2.265891129737397,49
2021-03-11,1.4964735808225351,50
2021-03-11,7.514051615844549,51
2021-03-11,2.9933185909297793,52
2021-03-11,,53
2021-03-11,4.083153857958927,54
2021-03-11,5.422175537652974,55
2021-03-11,1.6098507719846509,56
2021-03-11,0.0,57
2021-03-11,1.205494907086458,58
2021-03-11,0.0,59
2021-03-11,1.4147802573429133,60
2021-03-12,0.0,1
2021-03-12,0.0,2
2021-03-12,0.21784313545448689,3
2021-03-12,2.7146586976004343,4
2021-03-12,8.325427220528386,5
2021-03-12,8.420925293601115,6
2021-03-12,8.016331988381923,7
2021-03-12,9.57718200162316,8
2021-03-12,11.11140550877218,9
2021-03-12,10.726603679734636,10
2021-03-12,9.735129626096704,11
2021-03-12,6.807963271184447,12
2021-03-12,11.825918732529475,13
2021-03-12,6.607509350455331,14
2021-03-12,3.7585980301658557,15
2021-03-12,0.0,16
2021-03-12,4.46630050909761,17
2021-03-12,0.36072995913786987,18
2021-03-12,0.0,19
2021-03-12,7.866145869589741,20
2021-03-12,2.8508802513743556,21
2021-03-12,16.38829231262207,22
2021-03-12,0.0,23
2021-03-12,14.10672694651777,24
2021-03-12,0.0,25
2021-03-12,0.0,26
2021-03-12,0.0,27
2021-03-12,7.118503749298503,28
2021-03-12,10.986783073176092,29
2021-03-12,7.208253343986995,30
2021-03-12,1.9592867610984341,31
2021-03-12,2.2207558258720064,32
2021-03-12,0.0,33
2021-03-12,0.32358178013972855,34
2021-03-12,11.540654270616296,35
2021-03-12,1.3460964759395813,36
2021-03-12,5.192897890375782,37
2021-03-12,1.4409532631768123,38
2021-03-12,10.111269543965657,39
2021-03-12,6.278251769643185,40
2021-03-12,1.0526119743519122,41
2021-03-12,1.5372727727315512,42
2021-03-12,0.0,43
2021-03-12,0.37994798649290557,44
2021-03-12,0.0,45
2021-03-12,0.6542619924697756,46
2021-03-12,1.6201460411340112,47
2021-03-12,7.108097484908267,48
2021-03-12,4.094834844847959,49
2021-03-12,2.924274014472166,50
2021-03-12,9.8985581205651,51
2021-03-12,7.780107307876624,52
2021-03-12,,53
2021-03-12,9.742612842613037,54
2021-03-12,8.904300016761873,55
2021-03-12,1.2622498279780299,56
2021-03-12,0.0,57
2021-03-12,1.8479533447482723,58
2021-03-12,0.0,59
2021-03-12,6.133563527661899,60
2021-03-13,25.33098559838989,1
2021-03-13,26.64905260349687,2
2021-03-13,14.74337914191653,3
2021-03-13,8.38948554400367,4
2021-03-13,0.08088731559515368,5
2021-03-13,1.2914510941419977,6
2021-03-13,4.16365273304653,7
2021-03-13,5.926182131384368,8
2021-03-13,2.249179952588104,9
2021-03-13,4.049820949991705,10
2021-03-13,4.570512642378623,11
2021-03-13,7.685001642711243,12
2021-03-13,7.430085164705278,13
2021-03-13,6.5886370620313555,14
2021-03-13,0.11651697636855789,15
2021-03-13,2.999011689494845,16
2021-03-13,0.0,17
2021-03-13,1.0767101510597843,18
2021-03-13,23.50242068335514,19
2021-03-13,0.0,20
2021-03-13,1.9400571192617828,21
2021-03-13,2.6615524291992188,22
2021-03-13,10.889183300549632,23
2021-03-13,9.50086205984043,24
2021-03-13,12.644707021450783,25
2021-03-13,18.349362496470864,26
2021-03-13,0.0,27
2021-03-13,5.530747734217431,28
2021-03-13,7.414132453688425,29
2021-03-13,9.176227295163944,30
2021-03-13,8.608905763729362,31
2021-03-13,0.0,32
2021-03-13,14.166175174174334,33
2021-03-13,4.554664996669456,34
2021-03-13,5.37159830576753,35
2021-03-13,10.49754837802417,36
2021-03-13,0.41582033088842724,37
2021-03-13,0.0,38
2021-03-13,0.0,39
2021-03-13,0.0,40
2021-03-13,5.753115452245649,41
2021-03-13,7.6396897284381335,42
2021-03-13,5.6188114058111145,43
2021-03-13,0.609006092371435,44
2021-03-13,0.5442978829163682,45
2021-03-13,4.766009580191045,46
2021-03-13,6.317992746150086,47
2021-03-13,5.647038034111734,48
2021-03-13,4.437810976497758,49
2021-03-13,1.3806749623054462,50
2021-03-13,2.5613803904134564,51
2021-03-13,3.1402560121222054,52
2021-03-13,,53
2021-03-13,0.10162243334060361,54
2021-03-13,1.098998096230858,55
2021-03-13,11.158489015564992,56
2021-03-13,6.014004508920964,57
2021-03-13,2.5815175958280645,58
2021-03-13,0.0,59
2021-03-13,1.3168127892383636,60
2021-03-14,0.0,1
2021-03-14,0.0,2
2021-03-14,0.0,3
2021-03-14,0.7739726021311895,4
2021-03-14,8.525167657005444,5
2021-03-14,8.982439754769791,6
2021-03-14,15.854163330150413,7
2021-03-14,19.336049815101333,8
2021-03-14,5.2326424387945485,9
2021-03-14,3.532278308665308,10
2021-03-14,4.774627163682601,11
2021-03-14,10.664315196501112,12
2021-03-14,0.8258807814990726,13
2021-03-14,6.800134518758733,14
2021-03-14,17.15237342437577,15
2021-03-14,18.130326648201567,16
2021-03-14,5.129687797218903,17
2021-03-14,8.750579411593172,18
2021-03-14,0.0,19
2021-03-14,4.187665372901822,20
2021-03-14,16.17370241028922,21
2021-03-14,0.0,22
2021-03-14,0.0,23
2021-03-14,16.682575990400196,24
2021-03-14,0.0,25
2021-03-14,0.0,26
2021-03-14,15.719984117041207,27
2021-03-14,8.830627664545283,28
2021-03-14,9.297454026476222,29
2021-03-14,0.0,30
2021-03-14,2.7073318513588362,31
2021-03-14,0.0,32
2021-03-14,0.0,33
2021-03-14,0.0,34
2021-03-14,7.839771593270237,35
2021-03-14,0.0,36
2021-03-14,14.172479169805918,37
2021-03-14,19.859444729487098,38
2021-03-14,5.055634771982828,39
2021-03-14,10.56564360230319,40
2021-03-14,0.0,41
2021-03-14,1.8970575864056505,42
2021-03-14,5.6188114058111145,43
2021-03-14,11.081933502583777,44
2021-03-14,13.267201829234004,45
2021-03-14,13.994717736830037,46
2021-03-14,13.704332882460536,47
2021-03-14,11.454754713921373,48
2021-03-14,9.81285171072566,49
2021-03-14,14.303197473561001,50
2021-03-14,10.422545444372256,51
2021-03-14,4.740455913986242,52
2021-03-14,,53
2021-03-14,4.832750304266665,54
2021-03-14,4.619271001518296,55
2021-03-14,0.6005732979545151,56
2021-03-14,0.0,57
2021-03-14,0.0,58
2021-03-14,0.0,59
2021-03-14,0.0,60
2021-03-15,0.0,1
2021-03-15,0.0,2
2021-03-15,0.0,3
2021-03-15,0.0,4
2021-03-15,0.0,5
2021-03-15,0.03565093360066841,6
2021-03-15,1.0174259406832147,7
2021-03-15,2.2685909963836504,8
2021-03-15,4.032154943378248,9
2021-03-15,0.0,10
2021-03-15,0.0,11
2021-03-15,5.315795970469321,12
2021-03-15,0.0,13
2021-03-15,2.424555005531438,14
2021-03-15,4.863252087812417,15
2021-03-15,8.68209059180412,16
2021-03-15,0.9943845128202201,17
2021-03-15,1.4269165918153321,18
2021-03-15,0.0,19
2021-03-15,0.0,20
2021-03-15,9.033183081997588,21
2021-03-15,0.0,22
2021-03-15,0.0,23
2021-03-15,5.640870400442975,24
2021-03-15,0.0,25
2021-03-15,0.0,26
2021-03-15,3.7130100359576748,27
2021-03-15,5.530747734217431,28
2021-03-15,7.414132453688425,29
2021-03-15,0.0,30
2021-03-15,0.0,31
2021-03-15,0.0,32
2021-03-15,0.0,33
2021-03-15,0.0,34
2021-03-15,5.9893761179218545,35
2021-03-15,0.0,36
2021-03-15,0.0,37
2021-03-15,0.621528140174018,38
2021-03-15,5.055634771982828,39
2021-03-15,0.0,40
2021-03-15,0.0,41
2021-03-15,0.0,42
2021-03-15,0.0,43
2021-03-15,6.990631301618763,44
2021-03-15,11.048456435983196,45
2021-03-15,8.891901466905878,46
2021-03-15,10.183233465078667,47
2021-03-15,9.16166633983081,48
2021-03-15,7.442607129334651,49
2021-03-15,7.1180664709550925,50
2021-03-15,8.997226967292216,51
2021-03-15,4.740455913986242,52
2021-03-15,,53
2021-03-15,2.105504810539334,54
2021-03-15,0.005422754740254112,55
2021-03-15,0.0,56
2021-03-15,0.0,57
2021-03-15,0.0,58
2021-03-15,0.0,59
2021-03-15,0.0,60
