date,precipitation,raster_val
2025-05-31,0.0,1
2025-05-31,0.0,2
2025-05-31,0.0,3
2025-05-31,0.0,4
2025-05-31,0.0,5
2025-05-31,0.0,6
2025-05-31,0.0,7
2025-05-31,0.052005637263197284,8
2025-05-31,0.0,9
2025-05-31,0.0,10
2025-05-31,1.3626337796097054,11
2025-05-31,0.0,12
2025-05-31,0.2772764413806637,13
2025-05-31,1.0834001018629038,14
2025-05-31,0.0,15
2025-05-31,0.12550394250228342,16
2025-05-31,0.0,17
2025-05-31,0.798623439577277,18
2025-05-31,0.0,19
2025-05-31,0.0,20
2025-05-31,0.0,21
2025-05-31,0.0,22
2025-05-31,0.0,23
2025-05-31,0.0,24
2025-05-31,0.0,25
2025-05-31,0.0,26
2025-05-31,3.2249254538462715,27
2025-05-31,0.0,28
2025-05-31,0.0,29
2025-05-31,0.0,30
2025-05-31,0.18472828236830316,31
2025-05-31,0.0,32
2025-05-31,0.0,33
2025-05-31,0.0,34
2025-05-31,0.0,35
2025-05-31,0.0,36
2025-05-31,0.0,37
2025-05-31,0.0,38
2025-05-31,0.0,39
2025-05-31,0.0,40
2025-05-31,0.0,41
2025-05-31,0.0,42
2025-05-31,0.0,43
2025-05-31,0.0,44
2025-05-31,0.0,45
2025-05-31,0.0,46
2025-05-31,0.0,47
2025-05-31,0.0,48
2025-05-31,0.0,49
2025-05-31,0.0,50
2025-05-31,0.4559583373394492,51
2025-05-31,0.0,52
2025-05-31,,53
2025-05-31,0.277388954874064,54
2025-05-31,0.0,55
2025-05-31,0.0,56
2025-05-31,0.0,57
2025-05-31,0.0,58
2025-05-31,0.0,59
2025-05-31,0.0,60
2025-06-01,0.46830204221332755,1
2025-06-01,0.0,2
2025-06-01,0.0,3
2025-06-01,0.3081172210396851,4
2025-06-01,0.0,5
2025-06-01,0.0,6
2025-06-01,0.0,7
2025-06-01,0.0,8
2025-06-01,0.0,9
2025-06-01,0.0,10
2025-06-01,0.0,11
2025-06-01,0.0,12
2025-06-01,0.0,13
2025-06-01,0.0,14
2025-06-01,0.0,15
2025-06-01,0.0,16
2025-06-01,0.0,17
2025-06-01,0.0,18
2025-06-01,1.0664322987867536,19
2025-06-01,0.0,20
2025-06-01,0.0,21
2025-06-01,0.0,22
2025-06-01,0.0,23
2025-06-01,0.0,24
2025-06-01,0.0,25
2025-06-01,0.6807040994896624,26
2025-06-01,0.0,27
2025-06-01,0.0,28
2025-06-01,0.0,29
2025-06-01,0.0,30
2025-06-01,0.0,31
2025-06-01,0.0,32
2025-06-01,0.0,33
2025-06-01,0.0,34
2025-06-01,0.0,35
2025-06-01,0.0,36
2025-06-01,0.0,37
2025-06-01,0.0,38
2025-06-01,0.0,39
2025-06-01,0.0,40
2025-06-01,0.0,41
2025-06-01,0.0,42
2025-06-01,0.0,43
2025-06-01,0.0,44
2025-06-01,0.0,45
2025-06-01,0.0,46
2025-06-01,0.0,47
2025-06-01,0.0,48
2025-06-01,0.0,49
2025-06-01,0.0,50
2025-06-01,0.0,51
2025-06-01,0.0,52
2025-06-01,,53
2025-06-01,0.0,54
2025-06-01,0.0,55
2025-06-01,0.0,56
2025-06-01,0.0,57
2025-06-01,0.0,58
2025-06-01,0.0,59
2025-06-01,0.0,60
2025-06-02,0.917991650881112,1
2025-06-02,0.0,2
2025-06-02,0.0,3
2025-06-02,0.026664831392433613,4
2025-06-02,0.07797532037001889,5
2025-06-02,0.0,6
2025-06-02,0.0,7
2025-06-02,0.0,8
2025-06-02,0.0,9
2025-06-02,0.0,10
2025-06-02,0.0,11
2025-06-02,0.0,12
2025-06-02,0.0,13
2025-06-02,0.04146996514639824,14
2025-06-02,0.0,15
2025-06-02,0.0,16
2025-06-02,0.0,17
2025-06-02,0.0,18
2025-06-02,0.0,19
2025-06-02,0.0,20
2025-06-02,0.0,21
2025-06-02,0.0,22
2025-06-02,0.0,23
2025-06-02,0.0,24
2025-06-02,0.0,25
2025-06-02,0.22792334200007774,26
2025-06-02,0.0,27
2025-06-02,0.0,28
2025-06-02,0.0,29
2025-06-02,0.0,30
2025-06-02,0.0,31
2025-06-02,0.0,32
2025-06-02,0.10105188283543128,33
2025-06-02,0.0,34
2025-06-02,0.0,35
2025-06-02,0.011527573641319502,36
2025-06-02,0.0,37
2025-06-02,0.0,38
2025-06-02,0.0,39
2025-06-02,0.0,40
2025-06-02,0.0,41
2025-06-02,0.0,42
2025-06-02,0.0,43
2025-06-02,0.0,44
2025-06-02,0.0,45
2025-06-02,0.0,46
2025-06-02,0.0,47
2025-06-02,0.0,48
2025-06-02,0.0,49
2025-06-02,0.0,50
2025-06-02,0.0,51
2025-06-02,0.0,52
2025-06-02,,53
2025-06-02,0.0,54
2025-06-02,0.0,55
2025-06-02,0.0,56
2025-06-02,0.0,57
2025-06-02,0.0,58
2025-06-02,0.0,59
2025-06-02,0.0,60
2025-06-03,8.94178496028376,1
2025-06-03,14.5300950732092,2
2025-06-03,19.959550488925153,3
2025-06-03,15.00457173961873,4
2025-06-03,13.630466771479663,5
2025-06-03,15.95448747741136,6
2025-06-03,11.367689055651121,7
2025-06-03,8.728776336521715,8
2025-06-03,21.36492724092663,9
2025-06-03,24.81117335428135,10
2025-06-03,16.159730064096014,11
2025-06-03,1.1574035240719733,12
2025-06-03,16.39796163456733,13
2025-06-03,0.9375688502008286,14
2025-06-03,0.0,15
2025-06-03,0.3329419880050474,16
2025-06-03,6.398031512362625,17
2025-06-03,0.0,18
2025-06-03,15.536269629313015,19
2025-06-03,6.422599057433586,20
2025-06-03,0.0,21
2025-06-03,16.6794855935233,22
2025-06-03,20.059702365346663,23
2025-06-03,1.1375872760641164,24
2025-06-03,19.28200220450377,25
2025-06-03,16.556501866629375,26
2025-06-03,0.0,27
2025-06-03,1.2302423241940914,28
2025-06-03,6.247880641679119,29
2025-06-03,18.587588462913246,30
2025-06-03,18.874402886012888,31
2025-06-03,11.298794041509215,32
2025-06-03,12.688563675530212,33
2025-06-03,10.43670824097424,34
2025-06-03,14.909340970944136,35
2025-06-03,5.029826156624079,36
2025-06-03,0.20461495263235907,37
2025-06-03,0.6213749126014244,38
2025-06-03,19.048820444742837,39
2025-06-03,3.539363639039396,40
2025-06-03,1.4676972936386645,41
2025-06-03,15.945703847313613,42
2025-06-03,16.47526268083222,43
2025-06-03,0.1830374093348194,44
2025-06-03,2.868684140098771,45
2025-06-03,4.1173930368607445,46
2025-06-03,3.64299744770257,47
2025-06-03,3.8188851769473584,48
2025-06-03,0.0,49
2025-06-03,0.0,50
2025-06-03,0.08273613388820363,51
2025-06-03,2.0600020769300706,52
2025-06-03,,53
2025-06-03,23.633565476139445,54
2025-06-03,25.26206863653198,55
2025-06-03,12.00728745373669,56
2025-06-03,7.170304883682607,57
2025-06-03,6.050458739999595,58
2025-06-03,0.0,59
2025-06-03,1.0170587616405269,60
2025-06-04,0.0,1
2025-06-04,0.0,2
2025-06-04,0.0,3
2025-06-04,0.0,4
2025-06-04,0.0,5
2025-06-04,0.0,6
2025-06-04,0.0,7
2025-06-04,0.0,8
2025-06-04,0.0,9
2025-06-04,2.4941823930107754,10
2025-06-04,0.0,11
2025-06-04,0.05853706744188437,12
2025-06-04,4.936420776236459,13
2025-06-04,0.0,14
2025-06-04,0.0,15
2025-06-04,0.3007680674393972,16
2025-06-04,0.0,17
2025-06-04,0.0,18
2025-06-04,0.0,19
2025-06-04,0.025401341073544477,20
2025-06-04,0.0,21
2025-06-04,0.0,22
2025-06-04,0.0,23
2025-06-04,0.0,24
2025-06-04,0.15695881843566895,25
2025-06-04,0.7798140914940846,26
2025-06-04,0.0,27
2025-06-04,0.0,28
2025-06-04,0.0,29
2025-06-04,0.0,30
2025-06-04,0.08503359547109277,31
2025-06-04,11.298794041509215,32
2025-06-04,1.8704285769812803,33
2025-06-04,10.43670824097424,34
2025-06-04,0.0,35
2025-06-04,10.753871221584154,36
2025-06-04,0.0,37
2025-06-04,0.0,38
2025-06-04,0.0,39
2025-06-04,0.4178255395380361,40
2025-06-04,11.319156323557742,41
2025-06-04,6.031374736239619,42
2025-06-04,9.056328248004524,43
2025-06-04,0.0,44
2025-06-04,0.0,45
2025-06-04,2.31705963223735,46
2025-06-04,1.3421146071150007,47
2025-06-04,0.0,48
2025-06-04,0.0,49
2025-06-04,0.0,50
2025-06-04,0.0,51
2025-06-04,0.0,52
2025-06-04,,53
2025-06-04,0.0,54
2025-06-04,0.35272427502438713,55
2025-06-04,12.00728745373669,56
2025-06-04,7.170304883682607,57
2025-06-04,12.66877570909013,58
2025-06-04,13.144387549542365,59
2025-06-04,9.48259240091989,60
2025-06-05,0.0,1
2025-06-05,0.0,2
2025-06-05,0.0,3
2025-06-05,0.0,4
2025-06-05,0.0,5
2025-06-05,0.0,6
2025-06-05,0.0,7
2025-06-05,0.3863979000460897,8
2025-06-05,0.0,9
2025-06-05,0.05435818008546984,10
2025-06-05,4.444593815458256,11
2025-06-05,1.0273737842535506,12
2025-06-05,0.0,13
2025-06-05,0.0,14
2025-06-05,1.42197110640862,15
2025-06-05,10.110376388889497,16
2025-06-05,15.517426668241857,17
2025-06-05,14.463512836040168,18
2025-06-05,0.0,19
2025-06-05,13.944298201147395,20
2025-06-05,0.0,21
2025-06-05,0.0,22
2025-06-05,0.0,23
2025-06-05,0.11276795324785956,24
2025-06-05,0.0,25
2025-06-05,0.0,26
2025-06-05,12.94824612094806,27
2025-06-05,0.0,28
2025-06-05,0.0,29
2025-06-05,0.0,30
2025-06-05,0.0,31
2025-06-05,0.0,32
2025-06-05,0.0,33
2025-06-05,0.0,34
2025-06-05,0.0,35
2025-06-05,0.0,36
2025-06-05,12.113995524815149,37
2025-06-05,11.689452311883914,38
2025-06-05,0.0,39
2025-06-05,13.172131847726774,40
2025-06-05,0.0,41
2025-06-05,0.0,42
2025-06-05,0.0,43
2025-06-05,16.033066697542406,44
2025-06-05,8.57352882563429,45
2025-06-05,3.6456066619893366,46
2025-06-05,1.3162848636380389,47
2025-06-05,0.642293699247028,48
2025-06-05,0.41630994400592775,49
2025-06-05,0.0,50
2025-06-05,0.0,51
2025-06-05,0.0,52
2025-06-05,,53
2025-06-05,0.08389225649516611,54
2025-06-05,0.5467563133865838,55
2025-06-05,0.0,56
2025-06-05,0.0,57
2025-06-05,0.0,58
2025-06-05,0.0,59
2025-06-05,0.0,60
2025-06-06,0.0,1
2025-06-06,0.0,2
2025-06-06,0.0,3
2025-06-06,0.0,4
2025-06-06,0.0,5
2025-06-06,0.0,6
2025-06-06,0.0,7
2025-06-06,0.32907303311022257,8
2025-06-06,0.0,9
2025-06-06,0.7745982534595961,10
2025-06-06,1.0333318651653387,11
2025-06-06,2.1435957987154644,12
2025-06-06,0.37327865339128313,13
2025-06-06,0.621803530542931,14
2025-06-06,0.09726445309026249,15
2025-06-06,0.44810184836387634,16
2025-06-06,0.7049499221879117,17
2025-06-06,0.13868913989425855,18
2025-06-06,0.0,19
2025-06-06,0.0,20
2025-06-06,3.4994345804385567,21
2025-06-06,0.0,22
2025-06-06,0.0,23
2025-06-06,5.182944143361058,24
2025-06-06,0.0,25
2025-06-06,0.0,26
2025-06-06,0.39101158770231104,27
2025-06-06,4.831894106302922,28
2025-06-06,2.852557332892167,29
2025-06-06,0.0,30
2025-06-06,0.0,31
2025-06-06,0.0,32
2025-06-06,0.0,33
2025-06-06,0.3521566174247048,34
2025-06-06,0.0,35
2025-06-06,0.0,36
2025-06-06,0.18148027601696193,37
2025-06-06,0.47946804118766406,38
2025-06-06,0.0,39
2025-06-06,0.0,40
2025-06-06,0.0,41
2025-06-06,0.0,42
2025-06-06,0.0,43
2025-06-06,0.27630759929649235,44
2025-06-06,0.43706063019371333,45
2025-06-06,0.08103275003880821,46
2025-06-06,0.0,47
2025-06-06,0.10063749628329498,48
2025-06-06,0.8069627395633496,49
2025-06-06,0.645335288445155,50
2025-06-06,4.251220804549033,51
2025-06-06,0.0,52
2025-06-06,,53
2025-06-06,0.014524116865659818,54
2025-06-06,0.22267020307699648,55
2025-06-06,0.10688311552369832,56
2025-06-06,0.0,57
2025-06-06,0.0,58
2025-06-06,0.0,59
2025-06-06,0.0,60
2025-06-07,0.0,1
2025-06-07,0.0,2
2025-06-07,0.0,3
2025-06-07,0.0,4
2025-06-07,0.0,5
2025-06-07,0.0,6
2025-06-07,0.0,7
2025-06-07,0.0,8
2025-06-07,0.0,9
2025-06-07,0.0,10
2025-06-07,0.0,11
2025-06-07,0.0,12
2025-06-07,0.0,13
2025-06-07,0.0,14
2025-06-07,0.0,15
2025-06-07,0.0,16
2025-06-07,0.0,17
2025-06-07,0.0,18
2025-06-07,0.0,19
2025-06-07,0.0,20
2025-06-07,0.0,21
2025-06-07,0.0,22
2025-06-07,0.0,23
2025-06-07,0.0,24
2025-06-07,0.0,25
2025-06-07,0.0,26
2025-06-07,0.0,27
2025-06-07,0.0,28
2025-06-07,0.0,29
2025-06-07,0.0,30
2025-06-07,0.0,31
2025-06-07,0.0,32
2025-06-07,0.0,33
2025-06-07,0.0,34
2025-06-07,0.0,35
2025-06-07,0.0,36
2025-06-07,0.0,37
2025-06-07,0.0,38
2025-06-07,0.0,39
2025-06-07,0.0,40
2025-06-07,0.0,41
2025-06-07,0.0,42
2025-06-07,0.0,43
2025-06-07,0.0,44
2025-06-07,0.0,45
2025-06-07,0.0,46
2025-06-07,0.0,47
2025-06-07,0.0,48
2025-06-07,0.0,49
2025-06-07,0.0,50
2025-06-07,0.0,51
2025-06-07,0.0,52
2025-06-07,,53
2025-06-07,0.0,54
2025-06-07,0.0,55
2025-06-07,0.0,56
2025-06-07,0.0,57
2025-06-07,0.0,58
2025-06-07,0.0,59
2025-06-07,0.0,60
2025-06-08,0.0,1
2025-06-08,0.0,2
2025-06-08,0.17468561932473395,3
2025-06-08,0.0,4
2025-06-08,0.21514796149089296,5
2025-06-08,0.0,6
2025-06-08,0.0,7
2025-06-08,1.7143950457215602,8
2025-06-08,0.0,9
2025-06-08,0.03006280080248626,10
2025-06-08,1.4563611146120794,11
2025-06-08,4.71780449828469,12
2025-06-08,3.0611509589898116,13
2025-06-08,4.98883824877805,14
2025-06-08,0.0,15
2025-06-08,0.0,16
2025-06-08,0.6426528372415681,17
2025-06-08,0.6735820470455878,18
2025-06-08,0.0,19
2025-06-08,0.6162962584277286,20
2025-06-08,1.0930141309567067,21
2025-06-08,0.0,22
2025-06-08,0.06723618985018467,23
2025-06-08,5.144298228691364,24
2025-06-08,0.0,25
2025-06-08,0.0,26
2025-06-08,0.06326333834574772,27
2025-06-08,3.020031087743266,28
2025-06-08,0.0,29
2025-06-08,0.0,30
2025-06-08,0.14791188061182806,31
2025-06-08,0.0,32
2025-06-08,0.0,33
2025-06-08,0.0,34
2025-06-08,1.7677692462236456,35
2025-06-08,0.0,36
2025-06-08,0.27908345404125395,37
2025-06-08,0.5577732226474664,38
2025-06-08,3.328850746154785,39
2025-06-08,0.0,40
2025-06-08,0.0,41
2025-06-08,0.0,42
2025-06-08,0.0,43
2025-06-08,0.0,44
2025-06-08,0.0,45
2025-06-08,0.4872827409427927,46
2025-06-08,1.6272802684105205,47
2025-06-08,3.618840789882416,48
2025-06-08,3.0663573250475555,49
2025-06-08,0.11625726461410524,50
2025-06-08,4.013634836321236,51
2025-06-08,8.721827543528619,52
2025-06-08,,53
2025-06-08,0.5952086609522708,54
2025-06-08,0.0,55
2025-06-08,0.0,56
2025-06-08,0.0,57
2025-06-08,0.0,58
2025-06-08,0.0,59
2025-06-08,0.0,60
2025-06-09,0.0,1
2025-06-09,0.0,2
2025-06-09,0.0,3
2025-06-09,0.0,4
2025-06-09,0.0,5
2025-06-09,2.4006655350735855,6
2025-06-09,3.8418099556903718,7
2025-06-09,0.9457764859867331,8
2025-06-09,1.9281215855730358,9
2025-06-09,2.2753593078692056,10
2025-06-09,2.489692979777418,11
2025-06-09,1.7945481077900742,12
2025-06-09,2.2852290576851972,13
2025-06-09,6.872434973361885,14
2025-06-09,6.263046072868234,15
2025-06-09,1.8558969490647665,16
2025-06-09,0.5580320590879857,17
2025-06-09,0.692669468601369,18
2025-06-09,0.0,19
2025-06-09,0.9724558304223653,20
2025-06-09,0.12166200682174329,21
2025-06-09,0.0,22
2025-06-09,0.0,23
2025-06-09,4.559618550136171,24
2025-06-09,0.0,25
2025-06-09,0.0,26
2025-06-09,0.04311817689583852,27
2025-06-09,8.2303673525772,28
2025-06-09,1.0374039922441756,29
2025-06-09,0.0,30
2025-06-09,0.42269061076346615,31
2025-06-09,0.0,32
2025-06-09,0.0,33
2025-06-09,0.0,34
2025-06-09,1.2721178739498826,35
2025-06-09,0.0,36
2025-06-09,3.015213959103539,37
2025-06-09,0.8017668372664489,38
2025-06-09,3.9668374379475915,39
2025-06-09,1.1092085316120333,40
2025-06-09,0.0,41
2025-06-09,0.06344626297015431,42
2025-06-09,0.0,43
2025-06-09,0.0,44
2025-06-09,0.5803685687767602,45
2025-06-09,6.053723609862809,46
2025-06-09,3.839053938890162,47
2025-06-09,2.332173689658489,48
2025-06-09,4.449998680615064,49
2025-06-09,5.233646112879118,50
2025-06-09,6.026345412256898,51
2025-06-09,6.5822560460827475,52
2025-06-09,,53
2025-06-09,2.3326475959762982,54
2025-06-09,1.4896699233637882,55
2025-06-09,0.03753647583209915,56
2025-06-09,0.0,57
2025-06-09,0.0,58
2025-06-09,0.0,59
2025-06-09,0.0,60
2025-06-10,0.0,1
2025-06-10,0.0,2
2025-06-10,0.0,3
2025-06-10,0.0,4
2025-06-10,0.0,5
2025-06-10,0.0,6
2025-06-10,0.0,7
2025-06-10,0.0894380925035594,8
2025-06-10,0.0,9
2025-06-10,0.010388916812939696,10
2025-06-10,0.0,11
2025-06-10,0.0,12
2025-06-10,2.85043977992804,13
2025-06-10,0.07169169165628468,14
2025-06-10,0.0,15
2025-06-10,0.0,16
2025-06-10,0.0,17
2025-06-10,0.0,18
2025-06-10,1.3131790668950016,19
2025-06-10,0.0,20
2025-06-10,0.0,21
2025-06-10,0.0,22
2025-06-10,0.8254334226076512,23
2025-06-10,0.0,24
2025-06-10,1.0391065680500353,25
2025-06-10,0.03323083000918613,26
2025-06-10,0.0,27
2025-06-10,0.9477136172761605,28
2025-06-10,1.5804828916277205,29
2025-06-10,0.0,30
2025-06-10,0.03930463817069428,31
2025-06-10,0.0,32
2025-06-10,0.7133582625011939,33
2025-06-10,0.0,34
2025-06-10,0.0,35
2025-06-10,0.4553041343806976,36
2025-06-10,0.0,37
2025-06-10,0.0,38
2025-06-10,0.0,39
2025-06-10,0.0,40
2025-06-10,0.0,41
2025-06-10,0.0,42
2025-06-10,0.0,43
2025-06-10,0.0,44
2025-06-10,0.0,45
2025-06-10,0.0,46
2025-06-10,0.0,47
2025-06-10,0.0,48
2025-06-10,0.0,49
2025-06-10,0.0,50
2025-06-10,0.0,51
2025-06-10,0.0,52
2025-06-10,,53
2025-06-10,0.0,54
2025-06-10,0.0,55
2025-06-10,0.0,56
2025-06-10,0.0,57
2025-06-10,0.0,58
2025-06-10,0.0,59
2025-06-10,0.0,60
2025-06-11,0.52841989851202,1
2025-06-11,1.287702261630831,2
2025-06-11,1.8665795216515788,3
2025-06-11,2.19667821514945,4
2025-06-11,1.9765391846129243,5
2025-06-11,1.935744766018499,6
2025-06-11,1.2263076398733512,7
2025-06-11,1.3968084041459408,8
2025-06-11,0.9097974617265178,9
2025-06-11,0.8473645017898461,10
2025-06-11,1.6489395949155647,11
2025-06-11,0.6145959834434618,12
2025-06-11,0.7574374977633592,13
2025-06-11,1.9823334558355352,14
2025-06-11,0.5968703395902208,15
2025-06-11,0.6804606294792398,16
2025-06-11,2.6715119530907003,17
2025-06-11,1.8228298392931457,18
2025-06-11,0.9297582475594522,19
2025-06-11,2.3351388589830897,20
2025-06-11,0.8069173423851843,21
2025-06-11,1.4555312905992779,22
2025-06-11,0.7738719793014813,23
2025-06-11,0.9544806017217964,24
2025-06-11,1.0635688825295524,25
2025-06-11,1.0071753137213544,26
2025-06-11,1.2209608488644543,27
2025-06-11,1.336696635764251,28
2025-06-11,1.312710063499317,29
2025-06-11,1.2015447234898282,30
2025-06-11,0.6247348923050949,31
2025-06-11,0.11999304592609407,32
2025-06-11,0.193423208901606,33
2025-06-11,0.10004579176725677,34
2025-06-11,1.2917310135996243,35
2025-06-11,0.1023424039142253,36
2025-06-11,2.456200371923901,37
2025-06-11,1.7759830237296856,38
2025-06-11,0.869748845100403,39
2025-06-11,2.456531526317729,40
2025-06-11,0.037734452838327805,41
2025-06-11,0.34305464296134364,42
2025-06-11,0.47580596895850424,43
2025-06-11,1.255860248285809,44
2025-06-11,0.7268824605992887,45
2025-06-11,0.5720284369015538,46
2025-06-11,0.6541583276895203,47
2025-06-11,0.49340180717477017,48
2025-06-11,0.4743590599415127,49
2025-06-11,0.4908711606512468,50
2025-06-11,1.0407673047528365,51
2025-06-11,1.2457457176493933,52
2025-06-11,,53
2025-06-11,1.1122969026655258,54
2025-06-11,0.7240304385616518,55
2025-06-11,0.15994865941932263,56
2025-06-11,0.05309428771752178,57
2025-06-11,0.06449293925039402,58
2025-06-11,0.03959954436472122,59
2025-06-11,0.04201793619508869,60
2025-06-12,0.4250377592335301,1
2025-06-12,0.8706786161194746,2
2025-06-12,0.9942673773322853,3
2025-06-12,1.0513667085601968,4
2025-06-12,1.219288033001867,5
2025-06-12,1.6089097953346625,6
2025-06-12,1.4268146829272748,7
2025-06-12,1.9403871620664286,8
2025-06-12,0.9225393910097203,9
2025-06-12,1.1933930530929668,10
2025-06-12,1.776958681258668,11
2025-06-12,0.7701787448546772,12
2025-06-12,1.1365346113484467,13
2025-06-12,2.160197020704202,14
2025-06-12,0.6902364711536325,15
2025-06-12,0.4328314978189789,16
2025-06-12,1.0222802629664223,17
2025-06-12,1.0239267105920897,18
2025-06-12,0.6707250496643307,19
2025-06-12,0.9827766777287167,20
2025-06-12,0.9699914797001898,21
2025-06-12,0.7391022103173392,22
2025-06-12,0.4618483724100562,23
2025-06-12,1.3578681297548885,24
2025-06-12,0.7840982348436402,25
2025-06-12,0.7171498307062352,26
2025-06-12,0.6405054945641986,27
2025-06-12,1.811870616522334,28
2025-06-12,1.714479969557664,29
2025-06-12,0.6137553169800525,30
2025-06-12,0.3173046451460737,31
2025-06-12,0.2551488656064738,32
2025-06-12,0.17316249547536758,33
2025-06-12,0.2285092293621431,34
2025-06-12,1.6019381469131537,35
2025-06-12,0.15407526089331333,36
2025-06-12,1.2109209507987613,37
2025-06-12,0.8118487831714821,38
2025-06-12,1.0375987577438355,39
2025-06-12,1.0868700023040418,40
2025-06-12,0.19385174167231634,41
2025-06-12,0.2590158628893816,42
2025-06-12,0.3800607355577605,43
2025-06-12,0.5107222540232741,44
2025-06-12,0.3108855265114246,45
2025-06-12,0.33522503221289013,46
2025-06-12,0.5744015409989544,47
2025-06-12,0.5021229463761007,48
2025-06-12,0.5525199822385355,49
2025-06-12,0.6115437275916339,50
2025-06-12,1.3290346760342842,51
2025-06-12,1.5545357075755395,52
2025-06-12,,53
2025-06-12,1.1091294339095235,54
2025-06-12,0.5024155360981734,55
2025-06-12,0.24377610221110432,56
2025-06-12,0.151228322631938,57
2025-06-12,0.2153033529496387,58
2025-06-12,0.20390125874509202,59
2025-06-12,0.240810635978996,60
2025-06-13,0.19582021950655082,1
2025-06-13,0.20533617872211202,2
2025-06-13,0.12985719022954148,3
2025-06-13,0.07138330272227658,4
2025-06-13,0.07537558450995402,5
2025-06-13,0.053920171391562535,6
2025-06-13,0.04409817674925965,7
2025-06-13,0.03778179890879616,8
2025-06-13,0.014131894769977683,9
2025-06-13,0.2358054724802847,10
2025-06-13,0.06117324110065882,11
2025-06-13,0.0022894215159597786,12
2025-06-13,0.213686729680942,13
2025-06-13,0.08305435896169631,14
2025-06-13,0.07125214813041546,15
2025-06-13,0.05173391496053838,16
2025-06-13,0.03224841721057809,17
2025-06-13,0.14101711391192248,18
2025-06-13,0.37959461192596067,19
2025-06-13,0.03700839408331596,20
2025-06-13,0.06843819248295108,21
2025-06-13,0.03594976716807911,22
2025-06-13,0.16333043603895103,23
2025-06-13,0.0037367870001571964,24
2025-06-13,0.4282391403757391,25
2025-06-13,0.8540936805901896,26
2025-06-13,0.06248254512991899,27
2025-06-13,0.0,28
2025-06-13,0.0031673918515537167,29
2025-06-13,0.03296580876779269,30
2025-06-13,0.06418796368985666,31
2025-06-13,0.23465709517831387,32
2025-06-13,0.3496525533034303,33
2025-06-13,0.2368402407729705,34
2025-06-13,0.0005580723715516237,35
2025-06-13,0.2395263879484786,36
2025-06-13,0.10931872084027243,37
2025-06-13,0.04237891147089283,38
2025-06-13,0.0,39
2025-06-13,0.05279546115102284,40
2025-06-13,0.2965022645781709,41
2025-06-13,0.23964140660137326,42
2025-06-13,0.3438329229853591,43
2025-06-13,0.021175150614580873,44
2025-06-13,0.01885596511608837,45
2025-06-13,0.018452482710313828,46
2025-06-13,0.0359930407200948,47
2025-06-13,0.024917230425368354,48
2025-06-13,0.02946502314311643,49
2025-06-13,0.032622236515162516,50
2025-06-13,0.01900895238573593,51
2025-06-13,0.0,52
2025-06-13,,53
2025-06-13,0.009516076650432735,54
2025-06-13,0.10171543936008215,55
2025-06-13,0.2821694842804939,56
2025-06-13,0.18577826307170764,57
2025-06-13,0.20811428158853817,58
2025-06-13,0.2260182388919465,59
2025-06-13,0.3059732766339073,60
2025-06-14,0.25347947934044585,1
2025-06-14,0.6002893876729024,2
2025-06-14,0.9268384289637758,3
2025-06-14,1.4197860431956244,4
2025-06-14,1.7540245929026794,5
2025-06-14,0.8240299387717362,6
2025-06-14,0.5589553841581737,7
2025-06-14,0.5793983876563297,8
2025-06-14,0.11756552694711854,9
2025-06-14,0.044791742545600345,10
2025-06-14,0.04269236678075112,11
2025-06-14,0.046121248412137245,12
2025-06-14,0.03647000176680293,13
2025-06-14,0.00546796970004423,14
2025-06-14,0.0003296266471435871,15
2025-06-14,7.632136333147944e-06,16
2025-06-14,0.0,17
2025-06-14,8.38152229864145e-06,18
2025-06-14,0.3654481664210139,19
2025-06-14,1.1861433418092169e-09,20
2025-06-14,0.0011413916662154394,21
2025-06-14,0.8420548524175372,22
2025-06-14,0.24987702334738132,23
2025-06-14,0.10500972525801124,24
2025-06-14,0.37062914964603094,25
2025-06-14,0.29340287639044615,26
2025-06-14,2.599353121122652e-07,27
2025-06-14,0.13335112099822063,28
2025-06-14,0.16665391960090262,29
2025-06-14,0.583606567135767,30
2025-06-14,0.16631141846806963,31
2025-06-14,0.0154074780319048,32
2025-06-14,0.04522270793989721,33
2025-06-14,0.014320481801921803,34
2025-06-14,0.08866293090276231,35
2025-06-14,0.01649724853689153,36
2025-06-14,2.2364905303870075e-06,37
2025-06-14,1.4493207184131907e-08,38
2025-06-14,0.025204216533650955,39
2025-06-14,2.7449511755629073e-08,40
2025-06-14,0.01867192291745606,41
2025-06-14,0.030871545100219264,42
2025-06-14,0.03716526568240049,43
2025-06-14,0.0,44
2025-06-14,3.3043011317928477e-06,45
2025-06-14,0.0012263142904509119,46
2025-06-14,0.002383986557324326,47
2025-06-14,0.003074871938282607,48
2025-06-14,0.002686990921905486,49
2025-06-14,0.0021814238081666803,50
2025-06-14,0.01752160184228437,51
2025-06-14,0.040221930624109004,52
2025-06-14,,53
2025-06-14,0.04028211177202582,54
2025-06-14,0.06465746041352925,55
2025-06-14,0.015776383199432975,56
2025-06-14,0.010386477448793755,57
2025-06-14,0.016726935202291852,58
2025-06-14,0.02587520962065839,59
2025-06-14,0.039748043996444875,60
2025-06-15,0.0,1
2025-06-15,0.0,2
2025-06-15,1.7856619711713128e-06,3
2025-06-15,0.004603089760155076,4
2025-06-15,0.02234993873550813,5
2025-06-15,0.013562426777097297,6
2025-06-15,0.011393693840070324,7
2025-06-15,0.011150481914138909,8
2025-06-15,0.0034016291368811945,9
2025-06-15,0.013563441305709927,10
2025-06-15,0.00046035123971314366,11
2025-06-15,0.000596149368116189,12
2025-06-15,0.025955676533884225,13
2025-06-15,4.4271210513282015e-05,14
2025-06-15,1.64050859384519e-07,15
2025-06-15,5.814901099419683e-07,16
2025-06-15,0.0,17
2025-06-15,1.2873023211375126e-08,18
2025-06-15,0.0,19
2025-06-15,0.0,20
2025-06-15,0.0,21
2025-06-15,0.0034971630001174553,22
2025-06-15,1.2705049602678652e-05,23
2025-06-15,0.0019067554065768004,24
2025-06-15,5.767582199321343e-07,25
2025-06-15,0.0,26
2025-06-15,1.3489711501681366e-09,27
2025-06-15,0.0033107584893741944,28
2025-06-15,0.0047511554516870575,29
2025-06-15,0.001539032415102906,30
2025-06-15,0.0004298361248450202,31
2025-06-15,0.030928539922055992,32
2025-06-15,0.0,33
2025-06-15,0.034051024311628944,34
2025-06-15,0.003276698727112932,35
2025-06-15,0.0180577411338904,36
2025-06-15,0.0,37
2025-06-15,0.0,38
2025-06-15,0.0007956298304876934,39
2025-06-15,0.0,40
2025-06-15,0.18535009011502507,41
2025-06-15,0.005426963387369867,42
2025-06-15,0.012951286923026247,43
2025-06-15,0.0,44
2025-06-15,1.8562560427578771e-06,45
2025-06-15,8.713318903498585e-07,46
2025-06-15,0.0,47
2025-06-15,2.8464373075905256e-09,48
2025-06-15,1.0918569926975475e-08,49
2025-06-15,0.0,50
2025-06-15,0.0002576512115006232,51
2025-06-15,0.001456729529140271,52
2025-06-15,,53
2025-06-15,0.00016022257053824028,54
2025-06-15,0.0022730843780964815,55
2025-06-15,0.015651390267461263,56
2025-06-15,0.04378669535784817,57
2025-06-15,0.08741498631846807,58
2025-06-15,0.2560896874742305,59
2025-06-15,0.3550214092907321,60
2025-06-16,0.0,1
2025-06-16,0.0,2
2025-06-16,0.0,3
2025-06-16,0.0,4
2025-06-16,0.0,5
2025-06-16,0.0,6
2025-06-16,0.0,7
2025-06-16,0.0,8
2025-06-16,0.0,9
2025-06-16,0.0,10
2025-06-16,0.0,11
2025-06-16,0.0,12
2025-06-16,0.0,13
2025-06-16,0.0,14
2025-06-16,0.0,15
2025-06-16,0.0,16
2025-06-16,0.0,17
2025-06-16,0.0,18
2025-06-16,0.0,19
2025-06-16,0.0,20
2025-06-16,0.0,21
2025-06-16,0.0,22
2025-06-16,0.0,23
2025-06-16,0.0,24
2025-06-16,0.0,25
2025-06-16,0.0,26
2025-06-16,0.0,27
2025-06-16,0.0,28
2025-06-16,0.0,29
2025-06-16,0.0,30
2025-06-16,0.0,31
2025-06-16,0.0,32
2025-06-16,0.0,33
2025-06-16,0.0,34
2025-06-16,0.0,35
2025-06-16,0.0,36
2025-06-16,0.0,37
2025-06-16,0.0,38
2025-06-16,0.0,39
2025-06-16,0.0,40
2025-06-16,0.0,41
2025-06-16,0.0,42
2025-06-16,0.0,43
2025-06-16,0.0,44
2025-06-16,0.0,45
2025-06-16,0.0,46
2025-06-16,0.0,47
2025-06-16,0.0,48
2025-06-16,0.0,49
2025-06-16,0.0,50
2025-06-16,0.0,51
2025-06-16,0.0,52
2025-06-16,,53
2025-06-16,0.0,54
2025-06-16,0.0,55
2025-06-16,0.0,56
2025-06-16,0.0,57
2025-06-16,0.0,58
2025-06-16,0.0,59
2025-06-16,0.0,60
2025-06-17,0.0,1
2025-06-17,0.0,2
2025-06-17,0.0,3
2025-06-17,0.0,4
2025-06-17,0.0,5
2025-06-17,0.0,6
2025-06-17,0.0,7
2025-06-17,0.0,8
2025-06-17,0.0,9
2025-06-17,0.0,10
2025-06-17,0.0,11
2025-06-17,0.0,12
2025-06-17,0.04811074605950514,13
2025-06-17,0.0,14
2025-06-17,0.0,15
2025-06-17,0.0,16
2025-06-17,0.0,17
2025-06-17,0.0,18
2025-06-17,0.0,19
2025-06-17,0.0,20
2025-06-17,0.0,21
2025-06-17,0.0,22
2025-06-17,0.0,23
2025-06-17,0.0,24
2025-06-17,0.0,25
2025-06-17,0.0,26
2025-06-17,0.0,27
2025-06-17,0.0,28
2025-06-17,0.0,29
2025-06-17,0.0,30
2025-06-17,0.0,31
2025-06-17,0.0,32
2025-06-17,0.0,33
2025-06-17,0.0,34
2025-06-17,0.0,35
2025-06-17,0.0,36
2025-06-17,0.0,37
2025-06-17,0.0,38
2025-06-17,0.0,39
2025-06-17,0.0,40
2025-06-17,0.0,41
2025-06-17,0.0,42
2025-06-17,0.0,43
2025-06-17,0.0,44
2025-06-17,0.0,45
2025-06-17,0.0,46
2025-06-17,0.0,47
2025-06-17,0.0,48
2025-06-17,0.0,49
2025-06-17,0.0,50
2025-06-17,0.0,51
2025-06-17,0.0,52
2025-06-17,,53
2025-06-17,0.0,54
2025-06-17,0.0,55
2025-06-17,0.0,56
2025-06-17,0.0,57
2025-06-17,0.0,58
2025-06-17,0.0,59
2025-06-17,0.0,60
2025-06-18,0.0,1
2025-06-18,0.0,2
2025-06-18,0.0,3
2025-06-18,0.0,4
2025-06-18,0.0,5
2025-06-18,0.0,6
2025-06-18,0.0,7
2025-06-18,0.0,8
2025-06-18,0.0,9
2025-06-18,0.0,10
2025-06-18,0.0,11
2025-06-18,0.0,12
2025-06-18,0.028341862043314996,13
2025-06-18,0.0,14
2025-06-18,0.0,15
2025-06-18,0.0,16
2025-06-18,0.0,17
2025-06-18,0.0,18
2025-06-18,0.4310215868889208,19
2025-06-18,0.0,20
2025-06-18,0.0,21
2025-06-18,0.0,22
2025-06-18,0.0,23
2025-06-18,0.0,24
2025-06-18,0.0,25
2025-06-18,0.0,26
2025-06-18,0.0,27
2025-06-18,0.0,28
2025-06-18,0.0,29
2025-06-18,0.0,30
2025-06-18,0.0,31
2025-06-18,0.0,32
2025-06-18,0.0,33
2025-06-18,0.0,34
2025-06-18,0.0,35
2025-06-18,0.0,36
2025-06-18,0.0,37
2025-06-18,0.0,38
2025-06-18,0.0,39
2025-06-18,0.0,40
2025-06-18,0.0,41
2025-06-18,0.0,42
2025-06-18,0.0,43
2025-06-18,0.0,44
2025-06-18,0.0,45
2025-06-18,0.0,46
2025-06-18,0.0,47
2025-06-18,0.0,48
2025-06-18,0.0,49
2025-06-18,0.0,50
2025-06-18,0.0,51
2025-06-18,0.0,52
2025-06-18,,53
2025-06-18,0.0,54
2025-06-18,0.0,55
2025-06-18,0.0,56
2025-06-18,0.0,57
2025-06-18,0.0,58
2025-06-18,0.0,59
2025-06-18,0.0,60
2025-06-19,0.0,1
2025-06-19,0.0,2
2025-06-19,0.0,3
2025-06-19,0.0,4
2025-06-19,0.0,5
2025-06-19,0.0,6
2025-06-19,0.0,7
2025-06-19,0.0,8
2025-06-19,0.0,9
2025-06-19,0.0,10
2025-06-19,0.0,11
2025-06-19,0.0,12
2025-06-19,0.15034714930797152,13
2025-06-19,0.0,14
2025-06-19,0.0,15
2025-06-19,0.0,16
2025-06-19,0.0,17
2025-06-19,0.0,18
2025-06-19,0.0,19
2025-06-19,0.0,20
2025-06-19,0.0,21
2025-06-19,0.0,22
2025-06-19,0.0,23
2025-06-19,0.0,24
2025-06-19,0.0,25
2025-06-19,0.0,26
2025-06-19,0.0,27
2025-06-19,0.0,28
2025-06-19,0.0,29
2025-06-19,0.0,30
2025-06-19,0.0,31
2025-06-19,0.0,32
2025-06-19,0.0,33
2025-06-19,0.0,34
2025-06-19,0.0,35
2025-06-19,0.0,36
2025-06-19,0.0,37
2025-06-19,0.0,38
2025-06-19,0.0,39
2025-06-19,0.0,40
2025-06-19,0.0,41
2025-06-19,0.0,42
2025-06-19,0.0,43
2025-06-19,0.0,44
2025-06-19,0.0,45
2025-06-19,0.0,46
2025-06-19,0.0,47
2025-06-19,0.0,48
2025-06-19,0.0,49
2025-06-19,0.0,50
2025-06-19,0.0,51
2025-06-19,0.0,52
2025-06-19,,53
2025-06-19,0.0,54
2025-06-19,0.0,55
2025-06-19,0.0,56
2025-06-19,0.0,57
2025-06-19,0.0,58
2025-06-19,0.0,59
2025-06-19,0.0,60
2025-06-20,0.0,1
2025-06-20,0.0,2
2025-06-20,0.0,3
2025-06-20,0.0,4
2025-06-20,0.0,5
2025-06-20,0.0,6
2025-06-20,0.0,7
2025-06-20,0.0,8
2025-06-20,0.0,9
2025-06-20,0.0,10
2025-06-20,0.0,11
2025-06-20,0.0,12
2025-06-20,0.0,13
2025-06-20,0.0,14
2025-06-20,0.0,15
2025-06-20,0.0,16
2025-06-20,0.0,17
2025-06-20,0.0,18
2025-06-20,0.0,19
2025-06-20,0.0,20
2025-06-20,0.0,21
2025-06-20,0.0,22
2025-06-20,0.0,23
2025-06-20,0.0,24
2025-06-20,0.0,25
2025-06-20,0.0,26
2025-06-20,0.0,27
2025-06-20,0.0,28
2025-06-20,0.0,29
2025-06-20,0.0,30
2025-06-20,0.0,31
2025-06-20,0.0,32
2025-06-20,0.0,33
2025-06-20,0.0,34
2025-06-20,0.0,35
2025-06-20,0.0,36
2025-06-20,0.0,37
2025-06-20,0.0,38
2025-06-20,0.0,39
2025-06-20,0.0,40
2025-06-20,0.0,41
2025-06-20,0.0,42
2025-06-20,0.0,43
2025-06-20,0.0,44
2025-06-20,0.0,45
2025-06-20,0.0,46
2025-06-20,0.0,47
2025-06-20,0.0,48
2025-06-20,0.0,49
2025-06-20,0.0,50
2025-06-20,0.0,51
2025-06-20,0.0,52
2025-06-20,,53
2025-06-20,0.0,54
2025-06-20,0.0,55
2025-06-20,0.0,56
2025-06-20,0.0,57
2025-06-20,0.0,58
2025-06-20,0.0,59
2025-06-20,0.0,60
2025-06-21,0.0,1
2025-06-21,0.0,2
2025-06-21,0.0,3
2025-06-21,0.0,4
2025-06-21,0.0,5
2025-06-21,0.0,6
2025-06-21,0.0,7
2025-06-21,0.0,8
2025-06-21,0.0,9
2025-06-21,0.0,10
2025-06-21,0.0,11
2025-06-21,0.0,12
2025-06-21,0.0,13
2025-06-21,0.0,14
2025-06-21,0.0,15
2025-06-21,0.0,16
2025-06-21,0.0,17
2025-06-21,0.0,18
2025-06-21,0.0,19
2025-06-21,0.0,20
2025-06-21,0.0,21
2025-06-21,0.0,22
2025-06-21,0.0,23
2025-06-21,0.0,24
2025-06-21,0.0,25
2025-06-21,0.0,26
2025-06-21,0.0,27
2025-06-21,0.0,28
2025-06-21,0.0,29
2025-06-21,0.0,30
2025-06-21,0.0,31
2025-06-21,0.0,32
2025-06-21,0.0,33
2025-06-21,0.0,34
2025-06-21,0.0,35
2025-06-21,0.0,36
2025-06-21,0.0,37
2025-06-21,0.0,38
2025-06-21,0.0,39
2025-06-21,0.0,40
2025-06-21,0.0,41
2025-06-21,0.0,42
2025-06-21,0.0,43
2025-06-21,0.0,44
2025-06-21,0.0,45
2025-06-21,0.0,46
2025-06-21,0.0,47
2025-06-21,0.0,48
2025-06-21,0.0,49
2025-06-21,0.0,50
2025-06-21,0.0,51
2025-06-21,0.0,52
2025-06-21,,53
2025-06-21,0.0,54
2025-06-21,0.0,55
2025-06-21,0.0,56
2025-06-21,0.0,57
2025-06-21,0.0,58
2025-06-21,0.0,59
2025-06-21,0.0,60
2025-06-22,0.0,1
2025-06-22,0.0,2
2025-06-22,0.0,3
2025-06-22,0.0,4
2025-06-22,0.0,5
2025-06-22,0.0,6
2025-06-22,0.0,7
2025-06-22,0.28758152557825284,8
2025-06-22,0.0,9
2025-06-22,0.0,10
2025-06-22,0.0,11
2025-06-22,4.627374848614285,12
2025-06-22,0.0,13
2025-06-22,1.103106744025138,14
2025-06-22,2.447557503015155,15
2025-06-22,2.125300185606543,16
2025-06-22,8.86521620827526,17
2025-06-22,2.949284984928282,18
2025-06-22,0.0,19
2025-06-22,6.465426406164887,20
2025-06-22,5.213832630271532,21
2025-06-22,0.0,22
2025-06-22,0.0,23
2025-06-22,1.232420554983205,24
2025-06-22,0.0,25
2025-06-22,0.0,26
2025-06-22,1.2516131696792747,27
2025-06-22,0.0,28
2025-06-22,0.0,29
2025-06-22,0.0,30
2025-06-22,0.0,31
2025-06-22,0.0,32
2025-06-22,0.0,33
2025-06-22,0.0,34
2025-06-22,0.0,35
2025-06-22,0.0,36
2025-06-22,4.426520463398524,37
2025-06-22,2.5760678775583683,38
2025-06-22,0.0,39
2025-06-22,4.333740222094507,40
2025-06-22,0.0,41
2025-06-22,0.0,42
2025-06-22,0.0,43
2025-06-22,2.4244792140245193,44
2025-06-22,2.689726979772676,45
2025-06-22,1.7147024937538262,46
2025-06-22,2.2841178705077536,47
2025-06-22,1.3689466900344291,48
2025-06-22,3.2633149947481934,49
2025-06-22,4.456902601818244,50
2025-06-22,0.8180590590268482,51
2025-06-22,0.0,52
2025-06-22,,53
2025-06-22,0.0,54
2025-06-22,0.0,55
2025-06-22,0.0,56
2025-06-22,0.0,57
2025-06-22,0.0,58
2025-06-22,0.0,59
2025-06-22,0.0,60
2025-06-23,0.0,1
2025-06-23,0.0,2
2025-06-23,0.0,3
2025-06-23,0.0,4
2025-06-23,0.0,5
2025-06-23,0.0,6
2025-06-23,0.0,7
2025-06-23,0.0,8
2025-06-23,0.0,9
2025-06-23,0.0,10
2025-06-23,0.0,11
2025-06-23,0.916731152099418,12
2025-06-23,0.0,13
2025-06-23,0.0,14
2025-06-23,6.493709045608371,15
2025-06-23,7.248930175791449,16
2025-06-23,1.2779254150181543,17
2025-06-23,6.915872855473235,18
2025-06-23,0.0,19
2025-06-23,1.8250610164378946,20
2025-06-23,1.019001192032697,21
2025-06-23,0.0,22
2025-06-23,0.0,23
2025-06-23,0.18534855993862812,24
2025-06-23,0.0,25
2025-06-23,0.0,26
2025-06-23,4.943713753383894,27
2025-06-23,0.0,28
2025-06-23,0.0,29
2025-06-23,0.0,30
2025-06-23,0.0,31
2025-06-23,0.0,32
2025-06-23,0.0,33
2025-06-23,0.0,34
2025-06-23,0.0,35
2025-06-23,0.0,36
2025-06-23,0.488805934361049,37
2025-06-23,1.4094657112944777,38
2025-06-23,0.0,39
2025-06-23,2.732711098420924,40
2025-06-23,0.0,41
2025-06-23,0.0,42
2025-06-23,0.0,43
2025-06-23,6.221972770304731,44
2025-06-23,6.027785305297758,45
2025-06-23,3.8496725495390898,46
2025-06-23,5.246402726867561,47
2025-06-23,6.644273199203914,48
2025-06-23,6.042092602812884,49
2025-06-23,5.498596399078767,50
2025-06-23,0.028116496019465954,51
2025-06-23,0.0,52
2025-06-23,,53
2025-06-23,0.0,54
2025-06-23,0.0,55
2025-06-23,0.0,56
2025-06-23,0.0,57
2025-06-23,0.0,58
2025-06-23,0.0,59
2025-06-23,0.0,60
2025-06-24,0.0,1
2025-06-24,0.0,2
2025-06-24,0.0,3
2025-06-24,0.0,4
2025-06-24,1.2955069872945197,5
2025-06-24,1.6832438671693524,6
2025-06-24,4.205848348978554,7
2025-06-24,11.12354098879149,8
2025-06-24,0.00883286116801688,9
2025-06-24,0.0046150587377918224,10
2025-06-24,0.0,11
2025-06-24,5.975409131433086,12
2025-06-24,1.757064933058607,13
2025-06-24,0.45491172327633767,14
2025-06-24,8.709181746533913,15
2025-06-24,5.8082785721989145,16
2025-06-24,10.714938349448088,17
2025-06-24,16.728886339634045,18
2025-06-24,0.0,19
2025-06-24,11.452482385909123,20
2025-06-24,5.188652050059498,21
2025-06-24,0.0,22
2025-06-24,0.0,23
2025-06-24,4.154369112475165,24
2025-06-24,0.0,25
2025-06-24,0.0,26
2025-06-24,15.411919643328742,27
2025-06-24,1.7618461877723226,28
2025-06-24,4.777478555091342,29
2025-06-24,0.0,30
2025-06-24,0.0,31
2025-06-24,0.0,32
2025-06-24,0.0,33
2025-06-24,0.0,34
2025-06-24,0.0,35
2025-06-24,0.0,36
2025-06-24,16.910845326014922,37
2025-06-24,15.392228163654472,38
2025-06-24,0.0,39
2025-06-24,12.280161184279937,40
2025-06-24,0.0,41
2025-06-24,0.0,42
2025-06-24,0.0,43
2025-06-24,12.426067596853734,44
2025-06-24,4.896686683497057,45
2025-06-24,2.433678571511304,46
2025-06-24,5.177845357941175,47
2025-06-24,4.841703429659574,48
2025-06-24,5.284722951325504,49
2025-06-24,2.840220637470484,50
2025-06-24,2.7877983800719717,51
2025-06-24,0.0,52
2025-06-24,,53
2025-06-24,0.0,54
2025-06-24,0.0,55
2025-06-24,0.0,56
2025-06-24,0.0,57
2025-06-24,0.0,58
2025-06-24,0.0,59
2025-06-24,0.0,60
2025-06-25,0.0,1
2025-06-25,0.0,2
2025-06-25,0.0,3
2025-06-25,0.0,4
2025-06-25,1.3299162797007802,5
2025-06-25,1.7735396903965734,6
2025-06-25,7.479512907040991,7
2025-06-25,1.4957616367269793,8
2025-06-25,5.0790177656091835,9
2025-06-25,0.004914083976172684,10
2025-06-25,0.20713301783650623,11
2025-06-25,0.0,12
2025-06-25,0.8085092575717766,13
2025-06-25,3.581407170269831,14
2025-06-25,0.0,15
2025-06-25,0.0,16
2025-06-25,0.0,17
2025-06-25,0.0,18
2025-06-25,0.0,19
2025-06-25,0.0,20
2025-06-25,0.0,21
2025-06-25,0.0,22
2025-06-25,0.0,23
2025-06-25,0.0,24
2025-06-25,0.0,25
2025-06-25,0.0,26
2025-06-25,0.0,27
2025-06-25,2.6231829618915175,28
2025-06-25,11.666950115882663,29
2025-06-25,0.0,30
2025-06-25,0.0,31
2025-06-25,0.0,32
2025-06-25,0.0,33
2025-06-25,0.0,34
2025-06-25,11.846890729105372,35
2025-06-25,0.0,36
2025-06-25,0.0,37
2025-06-25,0.0,38
2025-06-25,1.325400431950887,39
2025-06-25,0.0,40
2025-06-25,0.0,41
2025-06-25,0.0,42
2025-06-25,0.0,43
2025-06-25,0.0,44
2025-06-25,0.0,45
2025-06-25,0.0,46
2025-06-25,0.0,47
2025-06-25,0.0,48
2025-06-25,0.0,49
2025-06-25,0.0,50
2025-06-25,0.10262010217140227,51
2025-06-25,3.9001375339977153,52
2025-06-25,,53
2025-06-25,1.9031989395792435,54
2025-06-25,0.0,55
2025-06-25,0.0,56
2025-06-25,0.0,57
2025-06-25,0.0,58
2025-06-25,0.0,59
2025-06-25,0.0,60
2025-06-26,0.0,1
2025-06-26,0.0,2
2025-06-26,0.0,3
2025-06-26,0.0,4
2025-06-26,0.0,5
2025-06-26,0.0,6
2025-06-26,0.0,7
2025-06-26,0.0,8
2025-06-26,0.0,9
2025-06-26,0.0,10
2025-06-26,0.0,11
2025-06-26,0.0,12
2025-06-26,0.0,13
2025-06-26,0.0,14
2025-06-26,0.0,15
2025-06-26,0.0,16
2025-06-26,0.0,17
2025-06-26,0.0,18
2025-06-26,0.15603286135699715,19
2025-06-26,0.0,20
2025-06-26,0.0,21
2025-06-26,0.0,22
2025-06-26,0.0,23
2025-06-26,0.0,24
2025-06-26,0.0,25
2025-06-26,0.47904651931575837,26
2025-06-26,0.0,27
2025-06-26,0.0,28
2025-06-26,0.0,29
2025-06-26,0.0,30
2025-06-26,0.0,31
2025-06-26,0.0,32
2025-06-26,0.0,33
2025-06-26,0.0,34
2025-06-26,0.0,35
2025-06-26,0.0,36
2025-06-26,0.0,37
2025-06-26,0.0,38
2025-06-26,0.0,39
2025-06-26,0.0,40
2025-06-26,0.0,41
2025-06-26,0.0,42
2025-06-26,0.0,43
2025-06-26,0.0,44
2025-06-26,0.0,45
2025-06-26,0.0,46
2025-06-26,0.0,47
2025-06-26,0.0,48
2025-06-26,0.0,49
2025-06-26,0.0,50
2025-06-26,0.0,51
2025-06-26,0.0,52
2025-06-26,,53
2025-06-26,0.0,54
2025-06-26,0.0,55
2025-06-26,0.0,56
2025-06-26,0.0,57
2025-06-26,0.0,58
2025-06-26,0.0,59
2025-06-26,0.0,60
2025-06-27,0.0,1
2025-06-27,0.0,2
2025-06-27,0.0,3
2025-06-27,0.0,4
2025-06-27,0.0,5
2025-06-27,0.0,6
2025-06-27,0.0,7
2025-06-27,0.0,8
2025-06-27,0.0,9
2025-06-27,0.0,10
2025-06-27,0.0,11
2025-06-27,0.0,12
2025-06-27,0.0,13
2025-06-27,0.0,14
2025-06-27,0.0,15
2025-06-27,0.0,16
2025-06-27,0.0,17
2025-06-27,0.0,18
2025-06-27,0.0,19
2025-06-27,0.0,20
2025-06-27,0.0,21
2025-06-27,0.0,22
2025-06-27,0.0,23
2025-06-27,0.0,24
2025-06-27,0.0,25
2025-06-27,0.0,26
2025-06-27,0.0,27
2025-06-27,0.0,28
2025-06-27,0.0,29
2025-06-27,0.0,30
2025-06-27,0.0,31
2025-06-27,0.0,32
2025-06-27,0.0,33
2025-06-27,0.0,34
2025-06-27,0.0,35
2025-06-27,0.0,36
2025-06-27,0.0,37
2025-06-27,0.0,38
2025-06-27,0.0,39
2025-06-27,0.0,40
2025-06-27,0.0,41
2025-06-27,0.0,42
2025-06-27,0.0,43
2025-06-27,0.0,44
2025-06-27,0.0,45
2025-06-27,0.0,46
2025-06-27,0.0,47
2025-06-27,0.0,48
2025-06-27,0.0,49
2025-06-27,0.0,50
2025-06-27,0.0,51
2025-06-27,0.0,52
2025-06-27,,53
2025-06-27,0.0,54
2025-06-27,0.0,55
2025-06-27,0.0,56
2025-06-27,0.0,57
2025-06-27,0.0,58
2025-06-27,0.0,59
2025-06-27,0.0,60
2025-06-28,0.0,1
2025-06-28,0.0,2
2025-06-28,0.0,3
2025-06-28,0.0,4
2025-06-28,0.0,5
2025-06-28,0.0,6
2025-06-28,0.0,7
2025-06-28,0.0,8
2025-06-28,0.0,9
2025-06-28,0.0036531624119630884,10
2025-06-28,0.0,11
2025-06-28,0.0,12
2025-06-28,0.6608581896392586,13
2025-06-28,0.0,14
2025-06-28,0.0,15
2025-06-28,0.0,16
2025-06-28,0.0,17
2025-06-28,0.0,18
2025-06-28,0.0,19
2025-06-28,0.0,20
2025-06-28,0.0,21
2025-06-28,0.0,22
2025-06-28,0.0,23
2025-06-28,0.0,24
2025-06-28,0.0,25
2025-06-28,0.0,26
2025-06-28,0.0,27
2025-06-28,0.0,28
2025-06-28,0.0,29
2025-06-28,0.0,30
2025-06-28,0.0,31
2025-06-28,0.0,32
2025-06-28,0.0,33
2025-06-28,0.0,34
2025-06-28,0.0,35
2025-06-28,0.0,36
2025-06-28,0.0,37
2025-06-28,0.0,38
2025-06-28,0.0,39
2025-06-28,0.0,40
2025-06-28,0.0,41
2025-06-28,0.0,42
2025-06-28,0.0,43
2025-06-28,0.0,44
2025-06-28,0.0,45
2025-06-28,0.0,46
2025-06-28,0.0,47
2025-06-28,0.0,48
2025-06-28,0.0,49
2025-06-28,0.0,50
2025-06-28,0.0,51
2025-06-28,0.0,52
2025-06-28,,53
2025-06-28,0.0,54
2025-06-28,0.0,55
2025-06-28,0.0,56
2025-06-28,0.0,57
2025-06-28,0.0,58
2025-06-28,0.0,59
2025-06-28,0.0,60
2025-06-29,0.34863267758886873,1
2025-06-29,0.0,2
2025-06-29,0.0,3
2025-06-29,0.0,4
2025-06-29,0.0,5
2025-06-29,0.0,6
2025-06-29,0.0,7
2025-06-29,0.0,8
2025-06-29,0.0,9
2025-06-29,0.0,10
2025-06-29,0.0,11
2025-06-29,0.0,12
2025-06-29,0.0,13
2025-06-29,0.0,14
2025-06-29,0.0,15
2025-06-29,0.0,16
2025-06-29,0.0,17
2025-06-29,0.0,18
2025-06-29,0.0,19
2025-06-29,0.0,20
2025-06-29,0.0,21
2025-06-29,0.0,22
2025-06-29,0.0,23
2025-06-29,0.0,24
2025-06-29,0.0,25
2025-06-29,0.0,26
2025-06-29,0.0,27
2025-06-29,0.0,28
2025-06-29,0.0,29
2025-06-29,0.0,30
2025-06-29,0.0,31
2025-06-29,0.0,32
2025-06-29,0.0,33
2025-06-29,0.0,34
2025-06-29,0.0,35
2025-06-29,0.0,36
2025-06-29,0.0,37
2025-06-29,0.0,38
2025-06-29,0.0,39
2025-06-29,0.0,40
2025-06-29,0.0,41
2025-06-29,0.0,42
2025-06-29,0.0,43
2025-06-29,0.0,44
2025-06-29,0.0,45
2025-06-29,0.0,46
2025-06-29,0.0,47
2025-06-29,0.0,48
2025-06-29,0.0,49
2025-06-29,0.0,50
2025-06-29,0.0,51
2025-06-29,0.0,52
2025-06-29,,53
2025-06-29,0.0,54
2025-06-29,0.0,55
2025-06-29,0.0,56
2025-06-29,0.0,57
2025-06-29,0.0,58
2025-06-29,0.0,59
2025-06-29,0.0,60
